Basal.Site,Basal.Community,Basal.Plot.ID,Basal.Species,Basal.Diameter,Basal.Height,Basal.Live.Dead,Notes
GR,Forest,4,UNKN,3,5,D,
GR,Forest,4,UNKN,3.5,3.5,D,
GR,Forest,4,PITA,2.5,3.5,L ,
GR,Forest,4,PITA,10,10,L,
GR,Forest,4,PITA,9,9,D,
GR,Forest,4,MYCE,2.8,4,L,
GR,Forest,4,PITA,4,7,D,
GR,Forest,4,ACRU,2.5,3.5,D,
GR,Forest,4,ACRU,2.8,4.5,D,
GR,Forest,4,ACRU,2.5,4.5,D,
GR,Forest,4,ACRU,2.8,4.5,L,
GR,Forest,4,ACRU,2.8,3.5,L,
GR,Forest,4,PITA,12,12,L,
GR,Forest,4,PEPA,5.3,4.5,L,
GR,Forest,4,ACRU,5.2,9,L,
GR,Forest,4,PEPA,6,3.5,L,
GR,Forest,4,PITA,14.5,12,D,
GR,Forest,4,ACRU,4,5.5,D,
GR,Forest,4,ACRU,3,4,L,
GR,Forest,4,PITA,12.7,11,L,
GR,Forest,4,ACRU,3.8,4.5,D,
GR,Forest,4,PITA,8.6,7,D,
GR,Forest,4,UNKN 1,3,3.5,L,
GR,Forest,4,UNKN 1,5,5,L,
GR,Forest,4,PITA,12.8,12,D,
GR,Forest,4,ACRU,3,3,L,
GR,Forest,4,ACRU,4,4,L,
GR,Forest,4,PITA,7,8,L,
GR,Forest,4,PITA,8.5,9.5,D,
GR,Forest,4,PITA,9,12,D,
GR,Forest,6,PITA,1.7,3,L,
GR,Forest,6,PITA,1.6,3,L,
GR,Forest,6,PITA,1.9,3,L,
GR,Forest,6,PEPA,1.8,3,L,
GR,Forest,6,PEPA,2,3,L,
GR,Forest,6,PEPA,3.2,3,L,
GR,Forest,6,ACRU,5,6,D,
GR,Forest,6,PITA,1.8,3,L,
GR,Forest,6,PEPA,2.8,3,D,
GR,Forest,6,PEPA,3.8,3,L,
GR,Forest,6,PITA,2.4,3,L,
GR,Forest,6,ACRU,2.1,3,L,
GR,Forest,6,PITA,2,3,L,
GR,Forest,6,ACRU,2.7,2,L,
GR,Forest,6,PEPA,2.2,2,D,
GR,Forest,6,PITA,11.2,14,D,
GR,Forest,6,ACRU,2.3,4,D,
GR,Forest,6,PEPA,2.7,3,L,
GR,Forest,6,PITA,9,8,D,
GR,Forest,6,PEPA,2.7,4,D,
GR,Forest,6,PEPA,4,6,L,
GR,Forest,6,UNKN,3.5,3,D,
GR,Forest,6,UNKN 4,3.1,5,L,
GR,Forest,6,PITA,11,12,L,
GR,Forest,6,PEPA,3,3,L,
GR,Forest,6,PEPA,3.7,5,D,
GR,Forest,6,PITA,8,6,D,
GR,Forest,6,PEPA,3,3,L,
GR,Forest,6,ACRU,6.2,5,D,
GR,Forest,6,PITA,9.5,11,L,
GR,Forest,6,PITA,8.5,13,L,
GR,Forest,6,PITA,12,11,D,
GR,Forest,6,PITA,6.2,8,D,
GR,Forest,6,PEPA,3,6,L,
GR,Forest,6,PEPA,3.2,5,L,
GR,Forest,6,PITA,11,14,L,
GR,Forest,6,ACRU,2.5,3,L,
GR,Forest,6,ACRU,2.1,5,D,
GR,Forest,6,ACRU,2.2,3,L,
GR,Forest,6,PEPA,3.5,5,L,
GR,Forest,6,ACRU,3.5,6,D,
GR,Forest,6,UNKN,5.2,5,D,
GR,Forest,6,UNKN,3.2,5,D,
GR,Forest,6,PITA,11.8,13,L,
GR,Forest,6,ACRU,6.4,7,L,
GR,Forest,6,PITA,8.6,13,L,
GR,Forest,6,UNKN,3,4,D,
GR,Forest,6,UNKN,3.7,4,D,
GR,Forest,6,PEPA,3.5,4,L,
GR,Forest,6,PEPA,3.2,4,L,
GR,Forest,6,PITA,10.7,13,L,Barely alive
GR,Forest,6,ACRU,2.8,4,D,
GR,Forest,6,ACRU,4.5,5,L,
GR,Forest,6,ACRU,3.9,5,L,
GR,Forest,6,PITA,12.5,14,D,
GR,Forest,6,PITA,5.5,5,D,
GR,Forest,6,PEPA,2.5,3,L,
GR,Forest,6,PITA,9.5,10,L,
GR,Forest,6,PEPA,2.8,3,L,
GR,Forest,6,ACRU,2.2,4,D,
GR,Forest,6,ACRU,2.3,3,D,
GR,Forest,6,PEPA,2.5,3,D,
GR,Forest,6,PEPA,3.2,3,L,
GR,Forest,6,ACRU,3.2,5,L,
GR,Forest,6,PITA,5.7,11,L,
GR,Forest,6,ACRU,2.7,3,D,
GR,Forest,6,UNKN,5,6,D,
GR,Transition,1,MYCE,1,3,D,
GR,Transition,1,MYCE,1,3,D,
GR,Transition,1,MYCE,1.3,4,A,
GR,Transition,1,MYCE,1.8,4,A,
GR,Transition,1,MYCE,1.6,3,D,
GR,Transition,1,MyCE,1.9,4,A,
GR,Transition,1,PINE,2,3,D,
GR,Transition,1,PISE,2.6,4,A,
GR,Transition,1,PINE,1.5,3,D,
GR,Transition,1,MYCE,1.5,3,A,
GR,Transition,1,PISE,2,3,D,
GR,Transition,1,MYCE,1,3,A,
GR,Transition,1,PISE,4.6,5,A,
GR,Transition,1,PISE,2.7,4,A,
GR,Transition,1,PISE,1.8,3,D,
GR,Transition,1,PISE,5.1,8,D,
GR,Transition,1,PISE,3.7,4,A,
GR,Transition,1,PISE,2,3,A,
GR,Transition,1,PISE,1.2,3,A,
GR,Transition,1,PISE,1.3,3,D,
GR,Transition,1,PISE,2.3,3,A,
GR,Transition,1,PINE,1.6,3,D,
GR,Transition,1,PINE,1.9,3,D,
GR,Transition,1,MYCE,1.3,3,A,
GR,Transition,1,MYCE,1.4,3,A,
GR,Transition,1,PISE,1.2,3,A,
GR,Transition,1,PINE,1,2,D,
GR,Transition,1,PINE,1.2,3,D,
GR,Transition,1,UNKN,1,3,D,
GR,Transition,1,PISE,1.5,3,A,
GR,Transition,1,PISE,1.5,3,D,
GR,Transition,1,PISE,1.2,3,A,
GR,Transition,1,PISE,1.2,3,D,
GR,Transition,1,MYCE,1.4,3,A,
GR,Transition,1,MYCE,1.1,3,A,
GR,Transition,1,PINE,1,3,D,
GR,Transition,1,PINE,2.1,4,D,
GR,Transition,1,PINE,1.1,2,D,
GR,Transition,1,PINE,2,3,D,
GR,Transition,1,PISE,1.7,3,D,
GR,Transition,1,MYCE,1.2,3,D,
GR,Transition,1,MYCE,1.1,3,D,
GR,Transition,1,MYCE,1.4,3,D,
GR,Transition,1,PISE,1.6,4,A,
GR,Transition,1,PISE,1.5,4,D,
GR,Transition,1,PISE,1.5,3,D,
GR,Transition,1,PISE,1.6,4,D,
GR,Transition,1,PISE,1.7,4,A,
GR,Transition,1,UNKN,3.2,3,D,
GR,Transition,1,PINE,2.5,4,D,
GR,Transition,1,PINE,1,3,D,
GR,Transition,1,PINE,1.4,4,D,
GR,Transition,1,PINE,2.5,4,D,
GR,Transition,1,PISE,3.8,4,A,
GR,Transition,1,PISE,1.6,3,D,
GR,Transition,1,PISE,1.5,4,A,
GR,Transition,1,PISE,2.5,4,A,
GR,Transition,1,PISE,2.3,4,A,
GR,Transition,1,PISE,1.4,3,A,
GR,Transition,1,PINE,1.2,3,D,
GR,Transition,1,PINE,1,3,D,
GR,Transition,1,PINE,1.3,4,D,
GR,Transition,1,PISE,3.4,5,A,
GR,Transition,1,PISE,1.2,3,D,
GR,Transition,1,PISE,1,3,D,
GR,Transition,1,PISE,1.5,4,D,
GR,Transition,1,ACRU,1,3,A,
GR,Transition,1,PEPA,5.4,5,A,
GR,Transition,1,PISE,1.2,3,A,
GR,Transition,1,PISE,2.9,4,A,
GR,Transition,1,PISE,3.3,5,A,
GR,Transition,1,PISE,2.5,5,A,
GR,Transition,1,PITA,2.7,4,A,
GR,Transition,1,PITA,2.4,4,A,
GR,Transition,1,MYCE,3.2,3,A,
GR,Transition,1,MYCE,1,3,A,
GR,Transition,1,MYCE,1.1,3,D,
GR,Transition,1,MYCE,1.2,3,D,
GR,Transition,1,PITA,1.5,3,D,
GR,Transition,1,PITA,1.1,3,D,
GR,Transition,1,PITA,1.1,2.5,D,
GR,Transition,1,PITA,1.4,4,D,
GR,Transition,1,PITA,2,3,D,
GR,Transition,1,MYCE,1,2,D,
GR,Transition,1,MYCE,1.2,2,D,
GR,Transition,1,MYCE,1.3,2,D,
GR,Transition,1,MYCE,2.4,3,D,
GR,Transition,1,MYCE,1.1,2,D,
GR,Transition,1,PISE,1.8,4,D,
GR,Transition,1,PITA,2.9,5,A,
GR,Transition,1,PISE,2.2,5,A,
GR,Transition,1,PEPA,1.1,3,A,
GR,Transition,1,PEPA,1,2,A,
GR,Transition,1,PITA,3.5,5,A,
GR,Transition,1,PINE,2,3,D,
GR,Transition,1,PITA,2.2,3,A,
GR,Transition,1,PITA,2.6,4,A,
GR,Transition,1,PITA,1.9,3,A,
GR,Transition,1,PINE,11,6,D,
GR,Transition,1,PITA,1.5,3,A,
GR,Transition,1,PITA,1,3,D,
GR,Transition,1,PITA,1.1,3,D,
GR,Transition,1,PITA,1.7,4,D,
GR,Transition,1,PINE,1.3,3,D,
GR,Transition,1,MYCE,1.3,3,A,
GR,Transition,1,MYCE,1.1,3,A,
GR,Transition,1,MYCE,1.5,3,A,
GR,Transition,1,PINE,2.9,4,D,
GR,Transition,1,PISE,2.9,4,A,
GR,Transition,1,PINE,1,3,D,
GR,Transition,1,PINE,1.5,3,D,
GR,Transition,1,PISE,2.8,5.5,D,
GR,Transition,1,PEPA,1.2,3,A,
GR,Transition,1,PINE,1.5,3,D,
GR,Transition,1,PISE,1.4,3,A,
GR,Transition,1,PISE,5,5,A,
GR,Transition,1,PISE,4,5,A,
GR,Transition,1,MYCE,1,2,D,
GR,Transition,1,PINE,2.2,4,D,
GR,Transition,1,PISE,3.9,5,D,
GR,Transition,1,PINE,3,2,D,
GR,Transition,1,PINE,1.6,3,D,
GR,Transition,1,PINE,1,3,D,
GR,Transition,1,MYCE,1.2,3,A,
GR,Transition,1,MYCE,1.1,3,A,
GR,Transition,1,PISE,1.6,4,A,
GR,Transition,1,PISE,1.4,4,A,
GR,Transition,1,PEPA,1.1,3,A,
GR,Transition,1,PISE,2.2,5,D,
GR,Transition,1,PINE,2.4,4,D,
GR,Transition,1,PISE,3,4,A,
GR,Transition,1,PISE,2.2,4,A,
GR,Transition,1,PISE,2.9,4,A,
GR,Transition,1,PISE,4.5,5,A,
GR,Transition,1,PISE,3.8,4,D,
GR,Transition,1,PINE,1.4,4,D,
GR,Transition,1,PINE,1.2,4,D,
GR,Transition,1,PINE,1.3,3,D,
GR,Transition,1,PISE,1.6,4,A,
GR,Transition,1,PISE,4.5,4,D,
GR,Transition,1,MYCE,1,3,D,
GR,Transition,1,MYCE,1.2,4,D,
GR,Transition,1,PITA,1,2,D,
GR,Transition,1,PISE,2.6,4,A,
GR,Transition,1,MYCE,1,3,D,
GR,Transition,1,PINE,2.2,4,D,
GR,Transition,1,PINE,2.5,1.5,D,
GR,Transition,1,PINE,1.2,3,D,
GR,Transition,1,PISE,2.8,4,A,
GR,Transition,1,PITA,1.4,4,A,
GR,Transition,1,MYCE,1,3,A,
GR,Transition,1,PISE,2,4,A,
GR,Transition,1,PINE,1.5,3,A,
GR,Transition,1,PINE,1.6,4,A,
GR,Transition,1,MYCE,1.4,4,A,
GR,Transition,1,MYCE,1.1,4,A,
GR,Transition,1,MYCE,1,3,A,
GR,Transition,1,MYCE,1.4,3,D,
GR,Transition,1,MYCE,1.7,4,D,
GR,Transition,1,MYCE,1.3,3,D,
GR,Transition,1,PISE,2.4,4,A,
GR,Transition,1,MYCE,1.2,3,D,
GR,Transition,1,PISE,5.7,5,A,
GR,Transition,1,PISE,3.4,5,D,
GR,Transition,1,PISE,5.5,5,A,
GR,Transition,1,PISE,4.4,5,A,
GR,Transition,1,PEPA,2,4,A,
GR,Transition,1,PEPA,1.2,4,A,
GR,Transition,1,PITA,4.6,5,A,
GR,Transition,1,PISE,3.4,5,A,
GR,Transition,1,PISE,5.8,6,A,
GR,Transition,1,PISE,3,4,A,
GR,Transition,1,PISE,4.2,4,A,
GR,Transition,1,MYCE,1.6,4,A,
GR,Transition,1,MYCE,1.2,3,A,
GR,Transition,1,UNKN,1.1,3,D,
GR,Transition,1,PINE,1,3,D,
GR,Transition,1,PISE,1.9,4,D,
GR,Transition,1,PITA,1.4,3,D,
GR,Transition,1,MYCE,1,3,A,
GR,Transition,1,MYCE,1.5,3,A,
GR,Transition,1,PISE,2,3,D,
GR,Transition,1,MYCE,1.1,3,A,
GR,Transition,1,PITA,2,4,A,
GR,Transition,1,MYCE,1,3,A,
GR,Transition,1,MYCE,1.5,4,A,
GR,Transition,1,MYCE,1,3,A,
GR,Transition,1,PITA,3.8,4,D,
GR,Transition,1,MYCE,1,3,A,
GR,Transition,1,MYCE,1.7,3,A,
GR,Transition,1,MYCE,1.4,3,A,
GR,Transition,1,PISE,2,3,D,
GR,Transition,1,PISE,1.1,3,D,
GR,Transition,1,PITA,3.8,4,A,
GR,Transition,1,PITA,2.1,4,A,
GR,Transition,1,MYCE,1,3,D,
GR,Transition,1,MYCE,1,3,D,
GR,Transition,1,MYCE,1.2,3,D,
GR,Transition,1,MYCE,1.1,3,D,
GR,Transition,1,MYCE,1.2,3,D,
GR,Transition,1,PEPA,1,3,A,
GR,Transition,1,PITA,1.1,3,A,
GR,Transition,1,PITA,1.2,3,A,
GR,Transition,1,MYCE,1.2,3,A,
GR,Transition,1,PISE,1,3,A,
GR,Transition,1,PISE,1.1,3,A,
GR,Transition,1,PISE,1.5,3,A,
GR,Transition,1,PISE,4.2,5,A,
GR,Transition,1,MYCE,1.2,3,A,
GR,Forest,11,MYCE,1,3,D,
GR,Forest,11,MYCE,1.4,3,A,
GR,Forest,11,MYCE,1,3,D,
GR,Forest,11,PEPA,1.8,4,A,
GR,Forest,11,MYCE,1,3,A,
GR,Forest,11,ACRU,2.2,3,D,
GR,Forest,11,ACRU,2,3.5,D,
GR,Forest,11,MYCE,1,4,D,
GR,Forest,11,MYCE,1.3,4,D,
GR,Forest,11,ACRU,3.5,3,A,
GR,Forest,11,PISE,10.2,11,D,
GR,Forest,11,MYCE,1,3,A,
GR,Forest,11,PISE,10.2,12,A,
GR,Forest,11,MYCE,1,3,D,
GR,Forest,11,MYCE,1.2,3,D,
GR,Forest,11,ACRU,4.6,4,D,
GR,Forest,11,ACRU,1.5,4,D,
GR,Forest,11,PISE,1,2,D,
GR,Forest,11,MYCE,1.1,2.5,D,
GR,Forest,11,MYCE,1,2,D,
GR,Forest,11,PEPA,3.2,3,A,
GR,Forest,11,MYCE,1,3,D,
GR,Forest,11,MYCE,1,3,D,
GR,Forest,11,PEPA,3.5,2,A,
GR,Forest,11,PEPA,1.7,4,A,
GR,Forest,11,PITA,8.1,12,A,
GR,Forest,11,PITA,9.8,11,D,
GR,Forest,11,PEPA,5.2,4,A,
GR,Forest,11,PEPA,2.8,4,D,
GR,Forest,11,MYCE,1,3,A,
GR,Forest,11,PITA,8.5,1.7,D,
GR,Forest,11,MYCE,1.1,3,D,
GR,Forest,11,MYCE,1,3,D,
GR,Forest,11,PITA,10,12,A,
GR,Forest,11,MYCE,1,3,D,
GR,Forest,11,MYCE,1,3,D,
GR,Forest,11,PITA,9.3,10,D,
GR,Forest,11,ACRU,1,3,D,
GR,Forest,11,MYCE,1,3,D,
GR,Forest,11,PITA,2.5,7,A,
GR,Forest,11,MYCE,1,2.5,D,
GR,Forest,11,PITA,4.3,7,D,
GR,Forest,11,MYCE,1,3,A,
GR,Forest,11,PITA,9.7,10,D,
GR,Forest,11,PISE,9.4,9,D,
GR,Forest,2,MYCE,1.2,4,A,
GR,Forest,2,MYCE,1,4,A,
GR,Forest,2,MYCE,1,4,A,
GR,Forest,2,PEPA,1.7,2,D,
GR,Forest,2,PITA,1.5,3,D,
GR,Forest,2,MYCE,1,4,D,
GR,Forest,2,ACRU,1.4,3,D,
GR,Forest,2,MYCE,1,4,A,
GR,Forest,2,PITA,2.7,4,A,
GR,Forest,2,PITA,3,6,A,
GR,Forest,2,PITA,1.5,5,A,
GR,Forest,2,PITA,1.5,5,A,
GR,Forest,2,PEPA,1,4,A,
GR,Forest,2,PEPA,1,4,A,
GR,Forest,2,PEPA,1.2,3,A,
GR,Forest,2,MYCE,1,3,A,
GR,Forest,2,MYCE,1.2,3,A,
GR,Forest,2,PITA,1.3,3,A,
GR,Forest,2,PITA,1,3,A,
GR,Forest,2,PITA,1.6,3,A,
GR,Forest,2,PITA,1,3,A,
GR,Forest,2,MYCE,1.2,3,D,
GR,Forest,2,PEPA,1,3,A,
GR,Forest,2,MYCE,1,3,A,
GR,Forest,2,PITA,14.1,17,A,
GR,Forest,2,ACRU,3.6,5,D,
GR,Forest,2,PITA,1.3,3,D,
GR,Forest,2,PITA,2.1,3,A,
GR,Forest,2,PEPA,3.3,4,A,
GR,Forest,2,PITA,2.7,4,A,
GR,Forest,2,PEPA,1.8,2,D,
GR,Forest,2,MYCE,1,3,A,
GR,Forest,2,PITA,3.3,6,D,
GR,Forest,2,MYCE,1,3,D,
GR,Forest,2,MYCE,1,3,A,
GR,Forest,2,PITA,3.2,5,D,
GR,Forest,2,MYCE,1,3,A,
GR,Forest,2,PINE,2,5,D,
GR,Forest,2,MYCE,1.4,4,A,
GR,Forest,2,PITA,2.3,5,A,
GR,Forest,2,PITA,1,2,D,
GR,Forest,2,UNKN,1.3,3,D,
GR,Forest,2,PITA,1,3,D,
GR,Forest,2,PEPA,1.8,3,A,
GR,Forest,2,MYCE,1,3,D,
GR,Forest,2,PITA,2.1,4,D,
GR,Forest,2,PITA,1.8,5,A,
GR,Forest,2,PEPA,3.1,3,A,
GR,Forest,2,UNKN,2.4,4,D,
GR,Forest,2,ACRU,3.6,3,D,
GR,Forest,2,MYCE,1.4,4,D,
GR,Forest,2,UNKN,1,2,D,
GR,Forest,2,PEPA,1,3,A,
GR,Forest,2,PINE,1,4,D,
GR,Forest,2,PINE,1,4,D,
GR,Forest,2,PINE,2.2,3,D,
GR,Forest,2,MYCE,1,4,A,
GR,Forest,2,PINE,2,6,D,
GR,Forest,2,PINE,2,2.5,D,
GR,Forest,2,ACRU,1.9,6,D,
GR,Forest,2,UNKN,2.3,5,D,
GR,Forest,2,UNKN,1,2,D,
GR,Forest,2,PEPA,2,4,A,
GR,Forest,2,PITA,2.8,6,A,
GR,Forest,2,MYCE,1.3,3,A,
GR,Forest,13,PITA,6.5,10,A,
GR,Forest,13,MYCE,1.5,4,D,
GR,Forest,13,MYCE,1.4,4,A,
GR,Forest,13,UNKN,3.5,5,D,
GR,Forest,13,UNKN,4.3,5,D,
GR,Forest,13,MYCE,1,3,A,
GR,Forest,13,MYCE,1.2,4,A,
GR,Forest,13,MYCE,1,3,A,
GR,Forest,13,MYCE,1.5,3,A,
GR,Forest,13,PEPA,2,4,A,
GR,Forest,13,MYCE,1.8,3,A,
GR,Forest,13,MYCE,1,3,A,
GR,Forest,13,MYCE,1.5,4,A,
GR,Forest,13,UNKN,5.2,6,D,
GR,Forest,13,UNKN,4.5,3,D,
GR,Forest,13,MYCE,1.6,4,A,
GR,Forest,13,PITA,8.3,16,A,
GR,Forest,13,LIST,4.9,7,A,
GR,Forest,13,MYCE,1.5,4,A,
GR,Forest,13,ACRU,4.5,6,A,
GR,Forest,13,ACRU,4,7,A,
GR,Forest,13,ACRU,5.2,7,A,
GR,Forest,13,ACRU,4.6,7,A,
GR,Forest,13,ACRU,3.6,5,D,
GR,Forest,13,PEPA,2,4,A,
GR,Forest,13,MYCE,1,3,A,
GR,Forest,13,PINE,2.5,2,D,
GR,Forest,13,PEPA,2.1,4,A,
GR,Forest,13,MYCE,1.8,4,A,
GR,Forest,13,PEPA,1.6,3,A,
GR,Forest,13,PEPA,1.7,4,A,
GR,Forest,13,PEPA,3.5,6,A,
GR,Forest,13,ACRU,1,5,A,
GR,Forest,13,ACRU,2.1,5,A,
GR,Forest,13,MYCE,1.4,3,A,
GR,Forest,13,MYCE,1,3,A,
GR,Forest,13,PEPA,1.8,4,A,
GR,Forest,13,PINE,1,3,A,
GR,Forest,13,PINE,4.5,2,D,
GR,Forest,13,MYCE,1,3,A,
GR,Forest,13,PEPA,2,4,A,
GR,Forest,13,PEPA,3.1,6,A,
GR,Forest,13,PITA,1.7,4,A,
GR,Forest,13,PINE,1,3,A,
GR,Forest,13,MYCE,1,3,A,
GR,Forest,13,UNKN,1.3,5,D,
GR,Forest,13,UNKN,2.9,7,D,
GR,Forest,13,UNKN,2.8,5,D,
GR,Forest,13,PEPA,1,2,D,
GR,Forest,13,MYCE,1,3,A,
GR,Forest,13,PEPA,1,3,D,
GR,Forest,13,MYCE,1.5,3,A,
GR,Forest,13,PITA,4.7,7,A,
GR,Forest,13,PEPA,3,6,A,
GR,Forest,13,UNKN,4.8,5,D,
GR,Forest,13,UNKN,4.8,7,D,
GR,Forest,13,MYCE,1,3,A,
GR,Forest,13,MYCE,1,3,A,
GR,Forest,13,MYCE,1.7,4,A,
GR,Forest,13,PEPA,1,3,A,
GR,Forest,13,ACRU,3.9,8,A,
GR,Forest,13,UNKN,2.6,6,D,
GR,Forest,13,PEPA,3,5,A,
GR,Forest,13,MYCE,1,4,A,
GR,Forest,13,MYCE,1,4,A,
GR,Forest,13,PEPA,1.9,4,A,
GR,Forest,13,MYCE,2,4,A,
GR,Forest,13,PEPA,1,3,A,
GR,Forest,13,MYCE,1.8,4,A,
GR,Forest,13,PEPA,2.7,6,A,
GR,Forest,13,PEPA,1,4,A,
GR,Forest,13,UNKN,1.5,6,A,Bay?
GR,Forest,13,PITA,11,17,A,
GR,Forest,13,PEPA,1.2,3,A,
GR,Forest,13,PITA,9.9,15,D,
GR,Forest,13,MYCE,1.9,4,A,
GR,Forest,13,MYCE,1.6,4,A,
GR,Forest,13,PEPA,2.8,5,A,
GR,Forest,13,UNKN,2.4,4,D,
GR,Forest,13,ACRU,6.3,11,A,
GR,Forest,13,MYCE,1.5,3,A,
GR,Forest,13,PISE,15,14,A,
GR,Forest,13,PEPA,1.3,4,A,
GR,Forest,13,PISE,14.3,14,A,
GR,Forest,13,PISE,2.8,2,D,
GR,Forest,13,UNKN,4.2,5,D,
GR,Forest,13,MYCE,1,3,A,
GR,Forest,13,MYCE,1.5,4,A,
GR,Forest,13,ACRU,1,4,A,
GR,Forest,13,ACRU,2.3,5,A,
GR,Forest,13,PEPA,1.1,4,A,
GR,Forest,13,PEPA,2,5,A,
GR,Forest,13,PEPA,1,4,A,
GR,Forest,13,MYCE,1.6,4,A,
GR,Forest,12,PEPA,5.5,5,A,
GR,Forest,12,MYCE,1.5,3,A,
GR,Forest,12,MYCE,1.6,3,A,
GR,Forest,12,PINE,11.5,2,D,
GR,Forest,12,MYCE,2.5,4,A,
GR,Forest,12,MYCE,2,4,A,
GR,Forest,12,PEPA,3.1,4,A,
GR,Forest,12,PITA,21.6,16,A,
GR,Forest,12,MYCE,1,3,A,
GR,Forest,12,MYCE,1,3,A,
GR,Forest,12,MYCE,1,3,A,
GR,Forest,12,MYCE,1,3,A,
GR,Forest,12,PISE,3,3,A,
GR,Forest,12,LIST,2,5,A,
GR,Forest,12,PISE,1.5,3,D,
GR,Forest,12,PISE,1.8,3,D,
GR,Forest,12,ACRU,2,3,D,
GR,Forest,12,PISE,3,4,A,
GR,Forest,12,PISE,2,3,A,
GR,Forest,12,PISE,2,3,A,
GR,Forest,12,PISE,1.5,3,A,
GR,Forest,12,NYBI,8.5,8,A,
GR,Forest,12,NYBI,7.5,6,A,
GR,Forest,12,PITA,13.3,17,A,
GR,Forest,12,PISE,1.5,4,D,
GR,Forest,12,PISE,1.9,3,A,
GR,Forest,12,PISE,1,3,A,
GR,Forest,12,PEPA,4.5,3,A,
GR,Forest,12,PISE,1.4,3,A,
GR,Forest,12,PISE,1,3,A,
GR,Forest,12,PEPA,3.1,4,A,
GR,Forest,12,PISE,16.5,17,A,
GR,Forest,12,UNKN,4,5,D,
GR,Forest,12,UNKN,2.2,5,D,
GR,Forest,12,ACRU,1,4,A,
GR,Forest,12,ACRU,1.3,5,A,
GR,Forest,12,MYCE,1,3,A,
GR,Forest,12,MYCE,1,3,A,
GR,Forest,12,PINE,6.5,6,D,
GR,Forest,12,ACRU,8.1,8,A,
GR,Forest,12,ACRU,3.6,8,D,
GR,Forest,12,PITA,12.9,18,A,
GR,Forest,12,PINE,7.5,8,D,
GR,Forest,12,PITA,11.5,15,A,
GR,Forest,12,MYCE,2,3,A,
GR,Forest,12,MYCE,2.2,3,A,
GR,Forest,12,UNKN,6,5,D,
GR,Forest,12,UNKN,6,2,D,
GR,Forest,12,MYCE,2.8,3,A,
GR,Forest,12,MYCE,1.5,3,A,
GR,Forest,12,MYCE,2.5,4,A,
GR,Forest,12,MYCE,2,3,A,
GR,Forest,12,MYCE,1.5,3,A,
GR,Forest,12,MYCE,2,4,A,
GR,Forest,12,PEPA,2.2,3,A,
GR,Forest,12,MYCE,2.5,4,A,
GR,Forest,12,MYCE,1.5,4,A,
GR,Forest,12,PEPA,4,5,A,
GR,Forest,12,PEPA,2.5,3,A,
GR,Forest,12,ACRU,1,3,A,
GR,Forest,12,ACRU,1,3,A,
GR,Forest,12,PEPA,3,4,A,
GR,Forest,12,MYCE,2,4,A,
GR,Forest,12,MYCE,1,3,A,
GR,Forest,12,PEPA,2.2,5,A,
GR,Forest,12,PEPA,2.5,3,A,
GR,Forest,12,MYCE,1,3,A,
GR,Forest,12,PEPA,1.5,2,A,
GR,Forest,12,PEPA,1,4,D,
GR,Forest,12,ACRU,2,6,A,
GR,Forest,12,ACRU,3,8,A,
GR,Forest,12,ACRU,2.1,6,A,
GR,Forest,12,ACRU,5,9,D,
GR,Forest,12,ACRU,4.5,7,D,
GR,Forest,12,PEPA,7.5,7,A,
GR,Forest,12,UNKN,2,5,D,
GR,Forest,12,MYCE,1.5,3,A,
GR,Forest,12,MYCE,1.5,3,A,
GR,Forest,12,PINE,5.5,5,D,
GR,Forest,12,PITA,16.5,14,A,
GR,Forest,12,PINE,13.5,12,D,
GR,Forest,12,PISE,1.5,4,A,
GR,Forest,12,UNKN,14.3,11,D,
GR,Forest,12,UNKN,7,6,D,
GR,Forest,12,PISE,1.5,3,A,
GR,Forest,12,UNKN,5.4,3,D,
GR,Forest,12,MYCE,1.5,3,A,
GR,Forest,12,UNKN,4.5,6,D,
GR,Forest,12,MYCE,2.8,5,A,
GR,Forest,12,MYCE,4.9,4,A,
GR,Forest,12,MYCE,1.4,3,A,
GR,Forest,12,MAVI,1.4,4,A,
GR,Forest,12,PISE,1,3,A,
GR,Forest,12,PISE,2,5,A,
GR,Forest,12,PISE,1,4,A,
GR,Forest,12,PEPA,1,4,A,
GR,Forest,12,UNKN,5.2,4,D,
GR,Forest,12,MYCE,1.5,3,D,
GR,Forest,12,MYCE,1.5,3,D,
GR,Forest,12,UNKN,3.7,4,D,
GR,Forest,12,UNKN,2,4,D,
GR,Forest,12,PISE,1,3,D,
GR,Forest,10,MYCE,1.3,3,D,
GR,Forest,10,UNKN,2.1,3,D,
GR,Forest,10,PITA,6,11,A,
GR,Forest,10,UNKN,2.1,4,D,
GR,Forest,10,MYCE,1,3,D,
GR,Forest,10,MYCE,1,3,D,
GR,Forest,10,PINE,6.5,13,D,
GR,Forest,10,UNKN,3.1,3.5,D,
GR,Forest,10,PINE,6.2,5,D,
GR,Forest,10,MYCE,1,3,A,
GR,Forest,10,UNKN,3,2,D,
GR,Forest,10,PINE,7.5,14,D,
GR,Forest,10,UNKN,1.8,3,D,
GR,Forest,10,UNKN,3.9,3,D,
GR,Forest,10,PEPA,2.5,4,A,
GR,Forest,10,PINE,7,6,D,
GR,Forest,10,PEPA,1.5,3,D,
GR,Forest,10,PITA,7.3,15,A,
GR,Forest,10,UNKN,1.5,3,D,
GR,Forest,10,UNKN,1,2,D,
GR,Forest,10,PINE,6,5,D,
GR,Forest,10,ACRU,1.5,4,D,
GR,Forest,10,PEPA,2.3,2.5,D,
GR,Forest,10,PINE,6.5,3,D,
GR,Forest,10,NYBI,1.5,2,A,
GR,Forest,10,PINE,5,7,D,
GR,Forest,10,PITA,5,13,A,
GR,Forest,10,ACRU,1,3,A,
GR,Forest,10,UNKN,4.8,5,D,
GR,Forest,10,UNKN,2.5,2,D,
GR,Forest,10,PINE,7.5,12,D,
GR,Forest,10,PINE,6,2,D,
GR,Forest,10,UNKN,3,2,D,
GR,Forest,10,ACRU,2.4,3,D,
GR,Forest,10,UNKN,1,2,D,
GR,Forest,10,PEPA,3.2,4,A,
GR,Forest,10,PITA,6.4,11,A,
GR,Forest,10,UNKN,2.5,2.5,D,
GR,Forest,10,PEPA,3.5,3,D,
GR,Forest,10,UNKN,1.5,3,D,
GR,Forest,10,PINE,4,2,D,
GR,Forest,10,UNKN,3.5,2,D,
GR,Forest,10,PINE,3,2,D,
GR,Forest,10,PINE,3.5,3,D,
GR,Forest,10,ACRU,1.5,2,D,
GR,Forest,10,UNKN,3,5,D,
GR,Forest,10,PEPA,3,3,A,
GR,Forest,10,PINE,11.2,10,D,
GR,Forest,10,PEPA,3.5,4,A,
GR,Forest,10,PINE,6,2,D,
GR,Marsh,2,NONE,,,,
GR,Marsh,3,TADI,3,3,D,
GR,Marsh,7,NONE,,,,
GR,Marsh,4,NONE,,,,
GR,Marsh,6,NONE,,,,
GR,Transition,5,PINE,1.6,3.5,D,
GR,Transition,5,MYCE,1,2,D,
GR,Transition,5,PINE,11.5,3.5,D,
GR,Transition,5,MYCE,1.2,3,D,
GR,Transition,5,MYCE,1,3,D,
GR,Transition,5,MYCE,1.5,3,D,
GR,Transition,5,MYCE,2,3,D,
GR,Transition,5,MYCE,1.5,3,D,
GR,Transition,5,MYCE,1.5,3,D,
GR,Transition,5,MYCE,1,3,D,
GR,Transition,5,UNKN,3.6,4,D,
GR,Transition,5,PINE,12.4,10,D,
GR,Transition,5,PINE,1,2,D,
GR,Transition,5,UNKN,3.5,2,D,
GR,Marsh,5,NONE,,,,
GR,Transition,3,PITA,3,3,A,
GR,Transition,3,PINE,1.5,2,D,
GR,Transition,3,PEPA,2.5,2,D,
GR,Transition,3,UNKN,1.5,4,D,
GR,Transition,3,MYCE,1.5,3,D,
GR,Transition,3,PINE,1.8,2,D,
GR,Transition,3,PINE,1.8,2,D,
GR,Transition,3,UNKN,3,2,D,
GR,Transition,3,PINE,1.8,3,D,
GR,Transition,3,PINE,1,2.5,A,
GR,Transition,3,PINE,2.8,3,D,
GR,Transition,3,PINE,10.5,2,D,
GR,Transition,3,UNKN,3,3,D,
GR,Transition,3,UNKN,3.8,3,D,
GR,Transition,3,PEPA,2,3,A,
GR,Transition,3,TADI,4,5,D,
GR,Transition,3,UNKN,4,2.5,D,
GR,Transition,3,UNKN,3.5,3,D,
GR,Transition,3,PINE,3.5,4,D,
GR,Transition,3,PINE,1.5,3,D,
GR,Transition,3,PINE,1.2,3,D,
GR,Transition,3,PEPA,2.1,2,D,
GR,Transition,3,PINE,1,1.8,D,
GR,Transition,4,UNKN,1.8,3,D,
GR,Transition,4,PINE,3.1,4,A,
GR,Transition,4,PITA,5,5,A,
GR,Transition,4,PITA,3.1,4,D,
GR,Transition,4,PITA,2.8,4,A,
GR,Transition,4,PITA,3.1,4,D,
GR,Transition,4,PISE,3,3,A,
GR,Transition,4,PINE,2.5,3,D,
GR,Transition,4,PITA,3.1,3,D,
GR,Transition,4,PINE,1,2,D,
GR,Transition,4,PITA,2.8,4,A,
GR,Transition,4,PINE,3,5,D,
GR,Transition,4,MYCE,1,3,D,
GR,Transition,4,MYCE,1,3,D,
GR,Transition,4,PITA,2.6,4,A,
GR,Transition,4,PINE,1.4,3,D,
GR,Transition,4,PINE,1.9,4,D,
GR,Transition,4,PINE,6.1,2.5,D,
GR,Transition,4,PINE,1,3,D,
GR,Transition,4,PINE,1.5,4,D,
GR,Transition,4,PITA,3.4,4,A,
GR,Transition,4,UNKN,1,3,D,
GR,Transition,4,PINE,1.5,3,A,
GR,Transition,4,PINE,1.5,3,A,
GR,Transition,4,PINE,1,2.5,A,
GR,Transition,4,PINE,2.4,3.5,D,
GR,Transition,4,PINE,1.5,3,D,
GR,Transition,4,PINE,1.2,3,D,
GR,Transition,4,PINE,1.6,3,D,
GR,Transition,4,PINE,5,5,D,
GR,Transition,4,PINE,1,4,D,
GR,Transition,4,PINE,1.5,4,D,
GR,Transition,4,UNKN,1,5,D,
GR,Transition,4,PINE,9,7,D,
GR,Transition,4,PINE,1,3,D,
GR,Transition,4,PINE,2,4,A,
GR,Transition,4,PINE,2.8,3,D,
GR,Transition,4,ACRU,1,3,A,
GR,Transition,4,PISE,3,4,A,
GR,Transition,4,PISE,3.2,4,A,
GR,Transition,4,ACRU,1.2,4,A,
GR,Transition,6,PITA,4.7,4,A,
GR,Transition,6,PINE,3.5,4,D,
GR,Transition,6,UNKN,4.1,3,D,
GR,Transition,6,ACRU,1.3,4,A,
GR,Transition,6,ACRU,1.4,4,A,
GR,Transition,6,ACRU,3.5,5,D,
GR,Transition,6,ACRU,3.5,4,D,
GR,Transition,6,UNKN,4.1,4,D,
GR,Transition,6,PITA,3.5,3,A,
GR,Transition,6,UNKN,7,6,D,
GR,Transition,6,PITA,2,2.5,D,
GR,Transition,6,ACRU,2,3,A,
GR,Transition,6,ACRU,1.5,3,A,
GR,Transition,6,ACRU,1.5,3,A,
GR,Transition,6,ACRU,1.5,2,D,
GR,Transition,6,PINE,1,3,D,
GR,Transition,6,UNKN,1,3,D,
GR,Transition,7,PITA,3,4,A,
GR,Transition,7,MYCE,1,3,D,
GR,Transition,7,PITA,17.8,15,A,
GR,Transition,7,PEPA,1.5,4,A,
GR,Transition,7,MYCE,1,3,A,
GR,Transition,7,MYCE,1,3,A,
GR,Transition,7,MYCE,1.2,3,A,
GR,Transition,7,UNKN,7.7,3,D,
GR,Transition,7,PEPA,1,3,A,
GR,Transition,7,UNKN,8.5,4,D,
GR,Transition,7,UNKN,7,5,D,
GR,Transition,7,UNKN,5.6,2,D,
GR,Transition,7,PITA,1.1,3,A,
GR,Transition,7,PITA,3,5,A,
GR,Transition,7,PITA,2.5,5,A,
GR,Transition,7,PITA,3.5,6,A,
GR,Transition,7,MYCE,1,3,A,
GR,Transition,7,PEPA,1,4,A,
GR,Transition,7,RHCO,1.5,3,A,
GR,Transition,7,RHCO,1.4,3,A,
GR,Transition,7,PINE,1,3,D,
GR,Transition,7,UNKN,6,2,D,
GR,Transition,7,MYCE,1,3,D,
GR,Transition,7,MYCE,1,3,D,
GR,Transition,7,PINE,2,3.5,D,
GR,Transition,7,PITA,1.3,2.5,A,
GR,Transition,7,PINE,1,3,D,
GR,Transition,7,PITA,1,3,D,
GR,Transition,7,PINE,1.8,3,D,
GR,Transition,7,PINE,1.2,3,D,
GR,Transition,7,PITA,3.3,5,A,
GR,Transition,7,PITA,1.8,4,A,
GR,TRansition,10,PINE,4.1,5,D,
GR,TRansition,10,ACRU,1,3,D,
GR,TRansition,10,ACRU,1.6,5,D,
GR,TRansition,10,PEPA,3.1,2,D,
GR,TRansition,10,UNKN,7,2,D,
GR,TRansition,10,UNKN,2.5,4,D,
GR,TRansition,10,UNKN,1,3,D,
GR,TRansition,10,PINE,4.4,4,D,
GR,TRansition,10,PINE,3,3,D,
GR,TRansition,10,PINE,3.8,4,D,
GR,TRansition,10,PINE,1.8,3,D,
GR,TRansition,10,PINE,2.9,3,D,
GR,TRansition,10,ACRU,1,3,D,
GR,TRansition,10,ACRU,1.5,3,D,
GR,TRansition,10,ACRU,1,2,D,
GR,TRansition,10,ACRU,1.5,3,D,
GR,TRansition,10,PITA,4.2,6,D,
GR,TRansition,10,PITA,2.1,3,D,
GR,TRansition,10,UNKN,4.1,5,D,
GR,TRansition,10,PINE,7.1,4,D,
GR,TRansition,10,PISE,4.2,4,D,
GR,TRansition,10,PINE,3.5,4,D,
GR,TRansition,10,PINE,3,4,D,
GR,TRansition,10,MYCE,1.2,3,D,
GR,TRansition,10,UNKN,1.8,2,D,
GR,TRansition,10,ACRU,2,2,D,
GR,TRansition,10,PISE,5.7,5,D,
GR,TRansition,10,PINE,6.2,2,D,
MA,Transition,5,PISE,6,5,D,
MA,Transition,5,PISE,6.8,7,D,
MA,Transition,5,PISE,4,3,D,
MA,Transition,7,PISE,6,7,L,
MA,Transition,7,PISE,7.8,6,D,
MA,Transition,7,PISE,9.5,7,D,
MA,Transition,7,UNKN,3.4,3,D,
MA,Transition,7,PISE,3,2.5,L,
MA,Forest,5,PISE,10.1,19,D,
MA,Forest,5,UNKN,3.1,3,D,
MA,Forest,5,PISE,13.2,11,D,
MA,Forest,5,QUSP,6.5,9,L,
MA,Forest,5,PEPA,3.5,4,L,
MA,Forest,5,PISE,9.6,14,D,
MA,Forest,5,UNKN,4.2,4,D,
MA,Forest,5,UNKN,3.2,5,D,
MA,Forest,5,PISE,8.5,17,L,
MA,Forest,5,UNKN,4.5,6,D,
MA,Forest,5,PISE,8.7,14,D,
MA,Forest,5,PISE,9.3,16,D,
MA,Forest,5,PEPA,3.8,4,L,
MA,Forest,5,PISE,5.7,4,D,
MA,Forest,5,UNKN,7,8,D,
MA,Forest,5,PEPA,5.3,7,L,
MA,Forest,5,PEPA,4,5,L,
MA,Forest,5,PISE,8.9,11,D,
MA,Forest,5,PISE,9.3,14,D,
MA,Forest,5,PEPA,3.9,6,L,
MA,Forest,5,PEPA,2,6,L,
MA,Forest,5,UNKN,3,2.5,D,
MA,Forest,5,PISE,10,11,D,
MA,Forest,5,PEPA,5.3,10,D,
MA,Forest,5,MYCE,2.5,5,L,
MA,Forest,5,MYCE,1,4,L,
MA,Forest,5,PEPA,4.4,5,L,
MA,Forest,5,PEPA,4.2,6,L,
MA,Forest,5,PISE,10.5,14,D,
MA,Forest,5,PEPA,4.5,4,L,
MA,Forest,5,UNKN,3.5,2,D,
MA,Forest,5,MYCE,2,3,L,
MA,Forest,5,MYCE,1.5,3,L,
MA,Forest,5,PISE,9.4,13,D,
MA,Forest,5,PEPA,4,4,L,
MA,Forest,5,MYCE,2,3,L,
MA,Forest,5,MYCE,1,3,L,
MA,Forest,5,PISE,10.7,16,L,
MA,Forest,5,PEPA,7.5,10,D,
MA,Forest,5,MYCE,2,4,L,
MA,Forest,5,PISE,8.1,12,D,
MA,Forest,5,MYCE,2.5,4,L,
MA,Forest,5,PEPA,4.9,4,L,
MA,Forest,5,PEPA,3,3,D,
MA,Forest,5,MYCE,1,3,L,
MA,Forest,5,UNKN,5.3,7,D,
MA,Forest,5,PISE,7.5,7,D,
MA,Forest,5,PISE,9.5,15,D,
MA,Forest,5,PISE,7.2,8,D,
MA,Forest,5,PEPA,8.1,14,D,
MA,Forest,5,MYCE,1,3,L,
MA,Forest,5,PISE,12,13,D,
MA,Forest,5,PEPA,1,3,L,
MA,Forest,5,ACRU,1,3,D,
MA,Forest,5,PEPA,1.5,4,L,
MA,Forest,5,PEPA,1,4,L,
MA,Forest,5,PEPA,1,4,L,
MA,Forest,5,UNKN,3.5,2,D,
MA,Forest,5,MYCE,1,3,L,
MA,Forest,5,MYCE,1,4,L,
MA,Forest,5,PISE,9.9,13,D,
MA,Forest,5,MYCE,2.5,3,L,
MA,Forest,5,PEPA,1,3,L,
MA,Forest,5,PISE,6.4,7,D,
MA,Forest,5,PEPA,4.4,5,L,
MA,Forest,5,PISE,8.1,14,D,
MA,Forest,5,PEPA,3.3,4,L,
MA,Forest,5,PISE,5.5,7,D,
MA,Forest,5,PISE,11,15,L,
MA,Forest,5,PEPA,5.2,10,L,
MA,Forest,5,PISE,9.5,16,D,
MA,Forest,5,MYCE,1,3,L,
MA,Forest,5,MYCE,1,3,L,
MA,Forest,5,MYCE,2,3,L,
MA,Forest,5,MYCE,2,3,L,
MA,Forest,5,PEPA,1,3,L,
MA,Forest,5,PEPA,1,3,L,
MA,Forest,5,RHCO,1,4,L,Winged Sumac
MA,Forest,5,PEPA,3.5,4,L,
MA,Forest,5,PISE,9.9,8,D,
MA,Forest,5,PEPA,2.8,4,D,
MA,Forest,5,PEPA,1.5,3,L,
MA,Forest,5,PEPA,5,5,L,
MA,Forest,5,PEPA,1.5,5,L,
MA,Forest,5,PEPA,2,3,D,
MA,Forest,5,PEPA,5.7,9,D,
MA,Forest,5,PEPA,5.5,10,D,
MA,Forest,5,PISE,4,3,D,
MA,Forest,5,PISE,7.8,9,D,
MA,Forest,5,PEPA,4.8,12,L,
MA,Forest,5,PEPA,3.9,3,D,
MA,Forest,5,ACRU,3.2,9,L,
MA,Forest,5,ACRU,2.2,3,D,
MA,Forest,5,ACRU,4,10,D,
MA,Forest,5,ACRU,3.7,8,L,
MA,Forest,5,ACRU,3.3,7,L,
MA,Forest,5,PISE,4.9,5,D,
MA,Forest,5,PEPA,3.3,6,D,
MA,Forest,5,PEPA,8.5,11,L,
MA,Forest,5,PEPA,1,3,L,
MA,Forest,5,PEPA,4,6,L,
MA,Forest,5,MYCE,3,4,L,
MA,Forest,5,PEPA,6.1,11,L,
MA,Forest,5,PEPA,5.2,4,L,
MA,Forest,5,PEPA,4.9,8,L,
MA,Forest,5,PEPA,2.7,5,L,
MA,Forest,5,PISE,11.5,14,D,
MA,Forest,5,PISE,9,11,D,
MA,Forest,5,PEPA,3.1,6,L,
MA,Forest,5,PISE,6.8,3,D,
MA,Forest,5,PISE,11.1,16,D,
MA,Forest,5,MYCE,2,4,L,
MA,Forest,5,PISE,7.5,12,D,
MA,Forest,5,PISE,11.8,16,L,
MA,Forest,5,MYCE,2.6,4,L,
MA,Forest,5,PISE,12.8,16,D,
MA,Forest,5,MYCE,1.3,3,L,
MA,Forest,5,MYCE,3.4,5,L,
MA,Forest,5,MYCE,2.4,4,L,
MA,Forest,5,ACRU,4.4,5,L,
MA,Forest,5,UNKN,2.2,3,D,
MA,Forest,5,UNKN,3.9,3,D,
MA,Forest,5,PISE,11,17,D,
MA,Forest,5,PEPA,3,4,L,
MA,Forest,5,PISE,12,14,L,
MA,Forest,5,PEPA,4,12,L,
MA,Forest,5,UNKN,5.5,4,D,
MA,Forest,5,PEPA,5,6,L,
MA,Forest,5,PISE,10,12,D,
MA,Forest,5,MYCE,2.5,4,L,
MA,Forest,5,UNKN,7.5,7,D,
MA,Forest,5,UNKN,4.5,5,D,
MA,Forest,5,UNKN,10.5,10,D,
MA,Forest,5,PISE,10.5,10,D,
MA,Forest,5,PEPA,5,3,L,
MA,Forest,5,PISE,10.2,13,L,
MA,Forest,5,PISE,6.8,9,D,
MA,Forest,5,PISE,8.7,14,L,
MA,Forest,5,UNKN,4,3,D,
MA,Forest,5,PISE,11.6,16,D,
MA,Forest,5,MYCE,2,3,A,
MA,Forest,5,MYCE,2,3,A,
MA,Forest,5,MYCE,1.5,3,A,
MA,Forest,5,MYCE,2.5,3,A,
MA,Forest,5,MYCE,2,3,A,
MA,Forest,5,MYCE,3,3,A,
MA,Forest,5,MYCE,2,3,A,
MA,Forest,5,MYCE,4,3,A,
MA,Forest,5,UNKN,4,2,D,
MA,Forest,5,PEPA,3.5,3,L,
MA,Forest,5,MYCE,2,3,L,
MA,Forest,5,PISE,9.3,13,D,
MA,Forest,5,MYCE,3,4,L,
MA,Forest,5,MYCE,2,4,L,
MA,Forest,5,MYCE,2.8,5,L,
MA,Forest,5,PISE,11.3,11,D,
MA,Forest,5,PISE,10.9,8,D,
MA,Forest,5,PEPA,4.1,4,D,
MA,Forest,5,PISE,4.8,4,D,
MA,Forest,5,PEPA,5.6,4,L,
MA,Forest,5,PEPA,5.3,7,L,
MA,Forest,5,PEPA,3,3,D,
MA,Forest,5,PISE,9.7,14,D,
MA,Forest,5,PEPA,2.8,3,L,
MA,Forest,5,PISE,6.8,6,D,
MA,Forest,5,PISE,8.1,14,D,
MA,Forest,5,PEPA,5.2,4,L,
MA,Forest,5,PISE,11,15,D,
MA,Forest,5,PEPA,3.8,3,L,
MA,Forest,5,PISE,10.5,17,L,
MA,Forest,5,PISE,8.5,17,L,
MA,Forest,5,MYCE,2.8,5,A,
MA,Forest,5,PEPA,4,5,L,
MA,Forest,5,UNKN,3.1,3,D,
MA,Forest,5,PEPA,12.2,3,D,
MA,Forest,5,PEPA,3.7,5,A,
MA,Forest,5,UNKN,3.5,4,D,
MA,Forest,5,PEPA,6.8,6,L,
MA,Forest,5,UNKN,3,4,D,
MA,Forest,5,UNKN,4,4,D,
MA,Forest,5,PISE,5,11,D,
MA,Forest,5,PISE,8.1,15,D,
MA,Forest,5,PEPA,2.6,3,L,
MA,Forest,5,PEPA,4.5,7,L,
MA,Forest,5,PEPA,3.8,2.5,L,
MA,Forest,10,PEPA,3.5,5,A,
MA,Forest,10,PEPA,5,5,D,
MA,Forest,10,UNKN,1.2,2,D,
MA,Forest,10,NYBI,3.1,9,A,
MA,Forest,10,NYBI,1.8,5,D,
MA,Forest,10,NYBI,2.1,6,A,
MA,Forest,10,UNKN,5,2,D,
MA,Forest,10,ACRU,2.6,5,D,
MA,Forest,10,MYCE,1.2,4,A,
MA,Forest,10,MYCE,1,3,A,
MA,Forest,10,MYCE,1.4,4,A,
MA,Forest,10,MYCE,1,5,A,
MA,Forest,10,MYCE,1.2,5,A,
MA,Forest,10,MYCE,1,4,D,
MA,Forest,10,MYCE,1,3,D,
MA,Forest,10,UNKN,7.6,5,D,
MA,Forest,10,UNKN,4,2,D,
MA,Forest,10,NYBI,5.2,13,A,
MA,Forest,10,UNKN,2.8,3,D,
MA,Forest,10,NYBI,4,7,A,
MA,Forest,10,PEPA,1.8,5,A,
MA,Forest,10,UNKN,4.8,2,D,
MA,Forest,10,PINE,10.7,16,D,
MA,Forest,10,MYCE,1,3,A,
MA,Forest,10,UNKN,3.1,2,D,
MA,Forest,10,PINE,5.2,2,D,
MA,Forest,10,PINE,15,4,D,
MA,Forest,10,NYBI,3,6,A,
MA,Forest,10,PEPA,2.1,4,D,
MA,Forest,10,PEPA,3.1,6,D,
MA,Forest,10,PEPA,1.9,5,A,
MA,Forest,10,MYCE,3.5,5,A,
MA,Forest,10,PEPA,2.3,4,A,
MA,Forest,10,PEPA,1,4,A,
MA,Forest,10,PEPA,3.8,4,A,
MA,Forest,10,NYBI,2.5,6,A,
MA,Forest,10,MYCE,1.9,3,A,
MA,Forest,10,NYCE,2.5,4,A,
MA,Forest,10,PINE,6.2,5,D,
MA,Forest,10,UNKN,2.1,4,D,
MA,Forest,10,PEPA,3,7,A,
MA,Forest,10,UNKN,2.1,6,D,
MA,Forest,10,MYCE,3.1,6,A,
MA,Forest,10,UNKN,2.5,4,D,
MA,Forest,10,NYBI,3.8,6,A,
MA,Forest,10,NYBI,1.5,5,A,
MA,Forest,10,NYBI,4.3,9,A,
MA,Forest,10,UNKN,1.9,4,D,
MA,Forest,10,PEPA,3.9,4,A,
MA,Forest,10,NYBI,4.6,8,A,
MA,Forest,10,MYCE,1.2,3,A,
MA,Forest,10,PEPA,1,3,A,
MA,Forest,10,MYCE,2.4,5,A,
MA,Forest,10,MYCE,2.6,5,A,
MA,Forest,10,NYBI,3.7,10,A,
MA,Forest,10,NYBI,4.8,11,A,
MA,Forest,10,UNKN,1,3,D,
MA,Forest,10,MYCE,1.4,3,A,
MA,Forest,10,UNKN,1,4,D,
MA,Forest,10,PEPA,1,4,A,
MA,Forest,10,NYBI,3.3,7,A,
MA,Forest,10,NYBI,3.6,7,A,
MA,Forest,10,UNKN,4.6,6,D,
MA,Forest,10,NYBI,4.1,8,A,
MA,Forest,10,NYBI,1,5,A,
MA,Forest,10,NYBI,3.5,6,A,
MA,Forest,10,UNKN,3.5,2,D,
MA,Forest,10,PEPA,2.1,5,A,
MA,Forest,10,PEPA,4.5,7,D,
MA,Forest,10,MYCE,2.2,5,A,
MA,Forest,10,NYBI,4,11,A,
MA,Forest,10,ACRU,1.6,7,A,
MA,Forest,10,ACRU,1.8,4,D,
MA,Forest,10,UNKN,2.3,3,D,
MA,Forest,10,PEPA,3.8,4,D,
MA,Forest,10,MYCE,1,3,A,
MA,Forest,10,MYCE,2.3,4,A,
MA,Forest,10,MYCE,2.5,5,A,
MA,Forest,10,UNKN,3,4,D,
MA,Forest,10,PEPA,1.5,2,D,
MA,Forest,10,NYBI,8.7,9,A,
MA,Forest,10,UNKN,1.9,2,D,
MA,Forest,10,UNKN,2.4,2,D,
MA,Forest,10,PEPA,5,6,D,
MA,Forest,10,MYCE,1.9,4,D,
MA,Forest,10,PEPA,1.6,2,A,
MA,Forest,10,UNKN,2.6,7,D,
MA,Forest,10,PEPA,3.3,4,A,
MA,Forest,10,ACRU,2.9,6,D,
MA,Forest,10,MYCE,1,3,A,
MA,Forest,10,PINE,14,15,D,
MA,Forest,10,ACRU,1.2,3.5,A,
MA,Forest,10,PEPA,3.8,4,A,
MA,Forest,10,UNKN,3.8,5,D,
MA,Forest,10,UNKN,3.8,5,D,
MA,Forest,10,UNKN,5,2,D,
MA,Forest,10,ACRU,2.5,9,A,
MA,Forest,10,PEPA,1,3,A,
MA,Forest,10,UNKN,1,2,A,
MA,Forest,10,PEPA,3.7,4,D,
MA,Forest,10,UNKN,3.7,4,D,
MA,Forest,10,UNKN,3.6,2,D,
MA,Forest,10,NYBI,3.6,9,A,
MA,Forest,10,PEPA,1,4,A,
MA,Forest,10,UNKN,2.5,3,D,
MA,Forest,10,NYBI,3.5,9,A,
MA,Forest,10,NYBI,6,10,A,
MA,Forest,10,MYCE,1.9,4,A,
MA,Forest,10,MYCE,1,4,A,
MA,Forest,10,PEPA,2.2,4,A,
MA,Forest,10,MYCE,1.9,4,A,
MA,Forest,10,PEPA,1.5,5,A,
MA,Forest,10,PEPA,4,5,A,
MA,Forest,10,UNKN,4.8,4,D,
MA,Forest,10,MYCE,1,3,D,
MA,Forest,10,MYCE,1.3,3.5,A,
MA,Forest,10,UNKN,6.2,9,D,
MA,Forest,10,UNKN,6.9,16,D,
MA,Forest,10,PEPA,1.3,3,D,
MA,Forest,10,UNKN,1.1,4,D,
MA,Forest,10,PEPA,1.2,3,A,
MA,Forest,10,UNKN,6,8,D,
MA,Forest,10,PEPA,3.8,6,A,
MA,Forest,10,PEPA,4.6,9,D,
MA,Forest,10,NYBI,3.8,6,A,
MA,Forest,10,NYBI,3.4,7,A,
MA,Forest,10,NYBI,2,5,D,
MA,Forest,10,NYBI,2.2,6,A,
MA,Forest,10,NYBI,1.6,4,A,
MA,Forest,10,NYBI,5.2,11,A,
MA,Forest,10,UNKN,2.6,2,D,
MA,Forest,10,MYCE,1,3,A,
MA,Forest,10,PEPA,4,7,D,
MA,Forest,10,UNKN,9.2,5,D,
MA,Forest,10,PEPA,6.6,5,A,
MA,Forest,10,MYCE,1.4,4,A,
MA,Forest,10,ACRU,2.9,6,D,
MA,Forest,10,ACRU,1,4,A,
MA,Forest,10,UNKN,2.8,2,D,
MA,Forest,10,UNKN,1.9,4,D,
MA,Forest,10,NYBI,6.8,7,A,
MA,Forest,10,PEPA,4.6,9,D,
MA,Forest,10,PEPA,3.7,5,A,
MA,Forest,10,MYCE,1,3,A,
MA,Forest,10,MYCE,1.9,3,A,
MA,Forest,2,PEPA,5.3,6,A,
MA,Forest,2,NYBI,4.3,6,A,
MA,Forest,2,UNKN,3,2,D,
MA,Forest,2,UNKN,1.5,4,D,
MA,Forest,2,NYBI,3.6,7,A,
MA,Forest,2,NYBI,4.2,6,A,
MA,Forest,2,NYBI,3.8,7,A,
MA,Forest,2,NYBI,2.9,4,D,
MA,Forest,2,ACRU,1,4,A,
MA,Forest,2,UNKN,2,4,D,
MA,Forest,2,UNKN,1.5,4,D,
MA,Forest,2,UNKN,2.8,2,D,
MA,Forest,2,NYBI,1.7,5,A,
MA,Forest,2,MYCE,1.5,2,A,
MA,Forest,2,MYCE,1.8,6,A,
MA,Forest,2,NYBI,4.3,13,A,
MA,Forest,2,MYCE,1.5,5,A,
MA,Forest,2,MYCE,1.2,5,A,
MA,Forest,2,MYCE,1.6,4,A,
MA,Forest,2,UNKN,4.7,9,D,
MA,Forest,2,UNKN,3,6,D,
MA,Forest,2,UNKN,7,12,D,
MA,Forest,2,NYBI,1,5,A,
MA,Forest,2,NYBI,3.6,8,A,
MA,Forest,2,MYCE,2.2,6,A,
MA,Forest,2,MYCE,2.7,6,A,
MA,Forest,2,NYBI,2.8,7,A,
MA,Forest,2,NYBI,2.8,6,A,
MA,Forest,2,MYCE,1,6,A,
MA,Forest,2,PEPA,3.2,6,A,
MA,Forest,2,MYCE,2.9,4,A,
MA,Forest,2,UNKN,1,5,A,
MA,Forest,2,UNKN,3,4,A,
MA,Forest,2,NYBI,2.6,7,A,
MA,Forest,2,NYBI,4,3,D,
MA,Forest,2,NYBI,3.8,3,D,
MA,Forest,2,NYBI,3.5,4,D,
MA,Forest,2,NYBI,4,6,A,
MA,Forest,2,NYBI,5.5,10,A,
MA,Forest,2,PEPA,1.3,5,A,
MA,Forest,2,PEPA,1,5,A,
MA,Forest,2,MYCE,2,5,A,
MA,Forest,2,MYCE,2,5,A,
MA,Forest,2,NYBI,5.4,7,A,
MA,Forest,2,MYCE,1.2,4,A,
MA,Forest,2,MYCE,1.2,3,A,
MA,Forest,2,NYBI,4.3,7,D,
MA,Forest,2,MYCE,1,3,D,
MA,Forest,2,NYBI,3.5,6,A,
MA,Forest,2,NYBI,4.5,6,A,
MA,Forest,2,MYCE,1.5,5,D,
MA,Forest,2,MYCE,3.6,5,D,
MA,Forest,2,MYCE,1.8,5,A,
MA,Forest,2,UNKN,2.6,5,D,
MA,Forest,2,NYBI,5.7,6,A,
MA,Forest,2,MYCE,2.1,6,A,
MA,Forest,2,MYCE,1.9,5,D,
MA,Forest,2,UNKN,7.9,7,D,
MA,Forest,2,MYCE,2.5,5,A,
MA,Forest,2,NYBI,3.4,6,A,
MA,Forest,2,PEPA,1,4,A,
MA,Forest,2,MYCE,2.5,4,A,
MA,Forest,2,NYBI,2.2,5,A,
MA,Forest,2,MYCE,1.1,3.5,A,
MA,Forest,2,MYCE,2.5,5,A,
MA,Forest,2,UNKN,6.6,2.5,D,
MA,Forest,2,NYBI,4.9,10,A,
MA,Forest,2,UNKN,3.1,5,D,
MA,Forest,2,NYBI,3.4,6,A,
MA,Forest,2,MYCE,1,4,A,
MA,Forest,2,MYCE,2.2,5,A,
MA,Forest,2,MYCE,1,3,D,
MA,Forest,2,NYBI,5.3,7,A,
MA,Forest,2,NYBI,3.1,6,A,
MA,Forest,2,UNKN,2.6,3,D,
MA,Forest,2,NYBI,5.2,9,A,
MA,Forest,2,NYBI,6,5,A,
MA,Forest,2,MYCE,1.1,3,A,
MA,Forest,2,MYCE,1.9,4,A,
MA,Forest,2,NYBI,2,5,A,
MA,Forest,2,NYBI,3,6,A,
MA,Forest,2,NYBI,2.4,6,A,
MA,Forest,2,NYBI,3,7,A,
MA,Forest,2,UNKN,4.5,5,D,
MA,Forest,2,UNKN,2,3,D,
MA,Forest,2,PEPA,1,3,A,
MA,Forest,2,ACRU,1,4,A,
MA,Forest,2,MYCE,1.5,4,D,
MA,Forest,2,UNKN,6.6,7,D,
MA,Forest,2,UNKN,5.8,5,D,
MA,Forest,2,UNKN,1,2,D,
MA,Forest,2,UNKN,1,2.5,d,
MA,Forest,2,NYBI,3,6,A,
MA,Forest,2,NYBI,3.6,7,A,
MA,Forest,2,NYBI,1.2,5,A,
MA,Forest,2,MYCE,1.2,4,D,
MA,Forest,2,MYCE,1.4,4,A,
MA,Forest,2,NYBI,4,6,A,
MA,Forest,2,UNKN,11.5,5,D,
MA,Forest,2,MYCE,1,3,A,
MA,Forest,2,PEPA,4.4,6,D,
MA,Forest,2,NYBI,3.6,7,A,
MA,Forest,2,ACRU,2.9,4,A,
MA,Forest,2,ACRU,1,6,A,
MA,Forest,2,NYBI,2.6,5,A,
MA,Forest,2,PEPA,4,7,A,
MA,Forest,2,UNKN,7.5,5,D,
MA,Forest,2,NYBI,3.4,7,A,
MA,Forest,2,MYCE,1.3,5,A,
MA,Forest,2,UNKN,3.6,6,A,
MA,Forest,2,MYCE,1.2,4,D,
MA,Forest,2,MYCE,1.3,5,A,
MA,Forest,2,MYCE,1,4,A,
MA,Forest,2,NYBI,4.8,5,A,
MA,Forest,2,MYCE,1,4,A,
MA,Forest,2,MYCE,2,5,A,
MA,Forest,2,MYCE,1.4,5,A,
MA,Forest,2,MYCE,1.1,4,A,
MA,Forest,2,NYBI,1.9,6,A,
MA,Forest,2,NYBI,1.5,4,D,
MA,Forest,2,NYBI,3.4,5,A,
MA,Forest,2,NYBI,5.7,7,A,
MA,Forest,2,NYBI,5.7,9,A,
MA,Forest,2,ACRU,1.2,4,A,
MA,Forest,2,UNKN,2.2,4,D,
MA,Transition,3,JUVI,3.5,5,A,
MA,Transition,3,JUVI,1,2,A,
MA,Transition,3,JUVI,1,2,A,
MA,Transition,3,JUVI,3.8,5,D,
MA,Transition,3,JUVI,2.5,4,D,
MA,Transition,3,JUVI,3,3,D,
MA,Transition,3,UNKN,3,2,D,
MA,Transition,3,JUVI,4,4,D,
MA,Transition,2,PINE,6.5,5,D,
MA,Transition,2,JUVI,1.8,3,D,
MA,Transition,2,JUVI,4.3,5,A,
MA,Transition,2,JUVI,1,3,A,
MA,Transition,2,JUVI,6.2,6,A,
MA,Transition,2,JUVI,1,3,A,
MA,Transition,2,JUVI,6.2,6,A,
MA,Transition,2,JUVI,1,3,A,
MA,Transition,2,JUVI,2.9,4,A,
MA,Transition,1,UNKN,3.7,2,D,
MA,Transition,1,JUVI,4.3,3,A,
MA,Transition,1,JUVI,2,2,D,
MA,Transition,1,JUVI,2,2,D,
MA,Transition,1,JUVI,2.2,3,A,
MA,Transition,1,JUVI,1.6,3,A,
MA,Marsh,3,NONE,,,,
MA,Marsh,11,NONE,,,,
MA,Transition,6,PITA,5.5,5,A,
MA,Transition,6,ACRU,1.5,3.5,A,
MA,Transition,6,PITA,2,3,A,
MA,Transition,6,PEPA,2.2,3.5,A,
MA,Transition,6,ACRU,2.1,4,A,
MA,Transition,6,ACRU,2,4,A,
MA,Transition,6,MYCE,1,3,D,
MA,Transition,6,UNKN,1.2,2,D,
MA,Transition,6,ACRU,1.1,2.5,A,
MA,Transition,6,PISE,2.2,3,A,
MA,Transition,6,PEPA,1,3,A,
MA,Transition,6,MYCE,1,3,A,
MA,Transition,6,PEPA ,4.4,5,D,
MA,Transition,6,UNKN,1,2,D,
MA,Transition,6,MYCE,1,2.5,A,
MA,Transition,6,PEPA,1.4,3,A,
MA,Transition,6,PEPA,3,4,A,
MA,Transition,6,JUVI,3.5,3,A,
MA,Transition,6,ACRU,2.4,5,A,
MA,Transition,6,JUVI,4.8,5,A,
MA,Transition,6,JUVI,2,3,A,
MA,Transition,6,JUVI,1,2,D,
MA,Transition,6,UNKN,6.8,2,D,
MA,Transition,6,JUVI,1,2,D,
MA,Transition,6,PEPA,1,3,D,
MA,Transition,6,JUVI,4.3,4,D,
MA,Transition,6,JUVI,8.2,7,A,
MA,Transition,6,JUVI,3.6,3,D,
MA,Transition,6,JUVI,1.1,2.5,A,
MA,Transition,6,JUVI,2,3,A,
MA,Forest,6,MYCE,1.5,4,A,
MA,Forest,6,MYCE,1.3,4,A,
MA,Forest,6,UNKN,1.8,3,D,
MA,Forest,6,MYCE,1,4,A,
MA,Forest,6,MYCE,1,4,A,
MA,Forest,6,MYCE,1.5,4,A,
MA,Forest,6,MYCE,1,4,A,
MA,Forest,6,PEPA,1.6,2.5,D,
MA,Forest,6,MYCE,1.3,4,A,
MA,Forest,6,MYCE,1,4,A,
MA,Forest,6,MYCE,1,4,A,
MA,Forest,6,PISE,10,15,D,
MA,Forest,6,MYCE,1,4,A,
MA,Forest,6,MYCE,1,4,A,
MA,Forest,6,RHCO,1,4,A,
MA,Forest,6,RHCO,1.2,4,A,
MA,Forest,6,MYCE,1,4,A,
MA,Forest,6,MYCE,1,4,A,
MA,Forest,6,UNKN,1,2,D,
MA,Forest,6,MYCE,1,4,D,
MA,Forest,6,MYCE,1,4,A,
MA,Forest,6,UNKN,3.6,2,D,
MA,Forest,6,MYCE,1,4,A,
MA,Forest,6,MYCE,1,4,A,
MA,Forest,6,MYCE,1,4,A,
MA,Forest,6,MYCE,1,4,A,
MA,Forest,6,MYCE,1,4,A,
MA,Forest,6,MYCE,1.3,4,A,
MA,Forest,6,MYCE,1.2,4,A,
MA,Forest,6,UNKN,5.2,2,D,
MA,Forest,6,MYCE,1.5,4,A,
MA,Forest,6,PISE,12.5,2.5,D,
MA,Forest,6,UNKN,2.6,2,D,
MA,Forest,6,PEPA,1,4,A,
MA,Forest,6,MYCE,1,4,A,
MA,Forest,6,MYCE,1,4,A,
MA,Forest,6,MYCE,1,4,A,
MA,Forest,6,MYCE,1,4,A,
MA,Forest,6,MYCE,1.3,5,A,
MA,Forest,6,MYCE,1.6,4,A,
MA,Forest,6,MYCE,1.1,4,A,
MA,Forest,6,MYCE,1,4,A,
MA,Forest,6,MYCE,1.4,5,A,
MA,Forest,6,PEPA,7.4,4.5,D,
MA,Forest,6,ACRU,2.6,3,D,
MA,Forest,6,ACRU,2.8,7,A,
MA,Forest,6,ACRU,7.2,4,D,
MA,Forest,6,ACRU,6,2,D,
MA,Forest,6,ACRU,1.8,4,D,
MA,Forest,6,MYCE,1,4,A,
MA,Forest,6,MYCE,1,4,A,
MA,Forest,6,MYCE,1,3,A,
MA,Forest,6,MYCE,1,3,A,
MA,Forest,6,MYCE,1,4,A,
MA,Forest,6,MYCE,1,3,A,
MA,Forest,6,RHCO,1,4,D,
MA,Forest,6,MYCE,1,4,A,
MA,Forest,6,MYCE,1,4,D,
MA,Forest,6,MYCE,1.2,4,A,
MA,Forest,6,MYCE,1,4,A,
MA,Forest,6,MYCE,1,4,A,
MA,Forest,6,MYCE,1,4,A,
MA,Forest,6,UNKN,2.1,2,D,
MA,Forest,6,MYCE,1,4,A,
MA,Forest,6,MYCE,1,4,A,
MA,Forest,6,MYCE,1,4,A,
MA,Forest,6,MYCE,1,3,A,
MA,Forest,6,PISE,1.2,2,D,
MA,Forest,6,MYCE,1,4,A,
MA,Forest,6,MYCE,1,3,A,
MA,Forest,6,MYCE,1,3,A,
MA,Forest,6,MYCE,1,3,A,
MA,Forest,6,MYCE,1,4,A,
MA,Forest,6,MYCE,2,4,A,
MA,Forest,6,MYCE,1.3,4,A,
MA,Forest,6,MYCE,1.1,4,A,
MA,Forest,6,MYCE,1.2,4,A,
MA,Forest,6,MYCE,1,4,A,
MA,Forest,6,MYCE,1,4,A,
MA,Forest,6,MYCE,1.3,4,A,
MA,Forest,6,MYCE,1.6,4,A,
MA,Forest,6,MYCE,1.2,4,A,
MA,Forest,6,MYCE,1.6,5,A,
MA,Forest,6,MYCE,1.2,4,A,
MA,Forest,6,MYCE,1.4,4,A,
MA,Forest,6,MYCE,1,4,D,
MA,Forest,6,MYCE,1.5,4,D,
MA,Forest,6,MYCE,1.8,5,D,
MA,Forest,6,MYCE,1,4,D,
MA,Forest,6,MYCE,1,4,D,
MA,Forest,6,MYCE,1.3,4,A,
MA,Forest,6,MYCE,1,4,A,
MA,Forest,6,MYCE,1,4,A,
MA,Forest,6,MYCE,1,4,A,
MA,Forest,6,MYCE,1.2,4,A,
MA,Forest,6,MYCE,1,4,A,
MA,Forest,6,MYCE,1,3,A,
MA,Forest,6,MYCE,1.2,4,A,
MA,Forest,6,MYCE,1.8,4,A,
MA,Forest,6,MYCE,1.5,4,A,
MA,Forest,6,MYCE,1.5,4,A,
MA,Forest,6,MYCE,2,4,A,
MA,Forest,6,MYCE,2,4,A,
MA,Forest,6,MYCE,1.5,4,A,
MA,Forest,6,MYCE,1.8,4,A,
MA,Forest,6,MYCE,1.3,4,A,
MA,Forest,6,MYCE,1.5,4,A,
MA,Forest,6,MYCE,1,4,A,
MA,Forest,6,PISE,1,4,D,
MA,Forest,6,MYCE,1.3,4,A,
MA,Forest,6,MYCE,1,4,A,
MA,Forest,6,MYCE,1,3,A,
MA,Forest,6,MYCE,1,4,A,
MA,Forest,6,MYCE,1.5,4,A,
MA,Forest,6,MYCE,1.5,4,A,
MA,Forest,6,MYCE,1,3,A,
MA,Forest,6,MYCE,1,3,A,
MA,Forest,6,MYCE,1,3,A,
MA,Forest,6,MYCE,1.5,4,D,
MA,Forest,6,BAHA,1.5,4.5,A,
MA,Forest,6,MYCE,1,4,A,
MA,Forest,6,MYCE,1.2,4,A,
MA,Forest,6,MYCE,1,4,A,
MA,Forest,6,MYCE,1,4,A,
MA,Forest,6,MYCE,1,4,A,
MA,Forest,6,MYCE,1.3,4,A,
MA,Forest,6,MYCE,1,4,A,
MA,Forest,6,MYCE,1.1,4,A,
MA,Forest,6,MYCE,1,4,A,
MA,Forest,6,MYCE,1,5,A,
MA,Forest,6,MYCE,1,4,A,
MA,Forest,6,MYCE,1.2,4,A,
MA,Forest,6,MYCE,1,3,A,
MA,Forest,6,MYCE,1,4,A,
MA,Forest,6,MYCE,1,3,A,
MA,Forest,6,UNKN,2,3,D,
MA,Forest,6,UNKN,2,2,D,
MA,Forest,6,MYCE,1.5,4,A,
MA,Forest,6,MYCE,1,3,A,
MA,Forest,6,PISE,1.3,2,D,
MA,Forest,6,MYCE,1,3,A,
MA,Forest,6,UNKN,1.6,2,D,
MA,Forest,6,MYCE,1.2,4,A,
MA,Forest,6,UNKN,4,2,D,
MA,Forest,6,UNKN,4,3,D,
MA,Forest,6,MYCE,1.2,4,A,
MA,Forest,6,MYCE,1,4,A,
MA,Marsh,4,NONE,,,,
MA,Marsh,7,NONE,,,,
MA,Forest,12,MYCE,1.5,3,A,
MA,Forest,12,PISE,2.5,3,A,
MA,Forest,12,PISE,1.5,3,A,
MA,Forest,12,PISE,1,2.5,A,
MA,Forest,12,PISE,1.5,3,A,
MA,Forest,12,PISE,1.9,3,A,
MA,Forest,12,PISE,2.5,4,A,
MA,Forest,12,MYCE,1,3,A,
MA,Forest,12,MYCE,1,3,D,
MA,Forest,12,ACRU,1,2.5,A,
MA,Forest,12,ACRU,1,2,D,
MA,Forest,12,PISE,1.7,2.5,A,
MA,Forest,12,PISE,9.5,11,D,
MA,Forest,12,MYCE,1,3,A,
MA,Forest,12,MYCE,1.5,3,A,
MA,Forest,12,MYCE,1,3,A,
MA,Forest,12,MYCE,1,3,A,
MA,Forest,12,PISE,1,2.5,A,
MA,Forest,12,PISE,1.5,2.5,A,
MA,Forest,12,PISE,1.5,4,A,
MA,Forest,12,MYCE,1,3,A,
MA,Forest,12,PISE,2.2,3,A,
MA,Forest,12,MYCE,1,3,A,
MA,Forest,12,MYCE,1,3,A,
MA,Forest,12,MYCE,1,3,A,
MA,Forest,12,MYCE,1,3,A,
MA,Forest,12,MYCE,1,3,A,
MA,Forest,12,PEPA,1.5,4,A,
MA,Forest,12,PEPA,1,3,A,
MA,Forest,12,PINE,7.5,2,D,
MA,Forest,12,MYCE,1.2,3,A,
MA,Forest,12,MYCE,1.5,4,A,
MA,Forest,12,MYCE,1.2,4,A,
MA,Forest,12,MYCE,1,3,A,
MA,Forest,12,ACRU,1,4,A,
MA,Forest,12,NYBI,1,3,A,
MA,Forest,11,UNKN,1.8,2,D,
MA,Forest,11,PINE,8.1,4,D,
MA,Forest,11,MYCE,1,3,A,
MA,Forest,11,MYCE,1,3,A,
MA,Forest,11,MYCE,1,3,D,
MA,Forest,11,PISE,8.5,4,D,
MA,Forest,11,UNKN,1.5,2,D,
MA,Forest,11,MYCE,1,3,D,
MA,Forest,11,ACRU,1,2,D,
MA,Forest,11,ACRU,1,4,A,
MA,Forest,11,MYCE,1,3,A,
MA,Forest,11,PINE,9.5,2,D,
MA,Forest,11,MYCE,1.5,3,A,
MA,Forest,11,PEPA,1.2,4,A,
MA,Forest,11,UNKN,3.3,5,D,
MA,Forest,11,UNKN,2.2,4,D,
MA,Forest,11,PEPA,1.4,3,A,
MA,Forest,11,MYCE,1.3,3,A,
MA,Forest,11,ACRU,1,4,A,
MA,Forest,11,PEPA,1,3,A,
MA,Forest,11,PISE,6.4,5,D,
MA,Forest,11,PISE,1,3,A,
MA,Forest,11,MYCE,1,3,A,
MA,Forest,11,MYCE,1,3,A,
MA,Forest,11,MYCE,1.5,3,A,
MA,Forest,11,NYBI,1,3,A,
MA,Forest,11,NYBI,1,3,A,
MA,Forest,11,MYCE,1,4,A,
MA,Forest,11,MYCE,1.5,3,A,
MA,Forest,11,ACRU,1,3,D,
MA,Forest,11,PISE,2.3,4,A,
MA,Forest,11,MYCE,1,3,A,
MA,Forest,11,MYCE,1,3,A,
MA,Forest,11,ACRU,4.9,6,A,
MA,Forest,11,ACRU,1.5,4,D,
MA,Forest,11,ACRU,5,2,D,
MA,Forest,11,UNKN,6,3,D,
MA,Forest,11,MYCE,1,3,A,
MA,Forest,11,PEPA,3.1,2,D,
MA,Forest,11,MYCE,1.2,2,A,
MA,Forest,11,MYCE,1,2,A,
MA,Forest,11,ACRU,1.3,3,D,
MA,Forest,11,ACRU,1,4,D,
MA,Forest,11,MYCE,1.5,3,A,
MA,Forest,11,MYCE,1.3,3,A,
MA,Forest,11,MYCE,1,3,A,
MA,Forest,11,NYBI,3.7,3,A,
MA,Forest,11,NYBI,4,5,A,
MA,Forest,11,MYCE,2,4,A,
MA,Forest,11,MYCE,1.2,4,A,
MA,Forest,11,MYCE,1,3,A,
MA,Forest,11,MYCE,1.2,3,A,
MA,Forest,11,MYCE,1,4,A,
MA,Forest,11,MYCE,1,3,A,
MA,Forest,11,MYCE,2.5,4,A,
MA,Forest,11,MYCE,2,5,A,
MA,Forest,11,MYCE,1,3,A,
MA,Forest,11,PEPA,1,3,A,
MA,Forest,11,PEPA,1,3,A,
MA,Forest,11,MYCE,1.5,3,A,
MA,Forest,11,MYCE,1,3,A,
MA,Forest,11,MYCE,1.2,3,A,
MA,Forest,4,PISE,1,2.5,A,
MA,Forest,4,PISE,1.5,2,A,
MA,Forest,4,PISE,5.2,3,D,
MA,Forest,4,MYCE,1,3,A,
MA,Forest,4,PISE,5.1,3,D,
MA,Forest,4,MYCE,1,3,D,
MA,Forest,4,MYCE,1,3,D,
MA,Forest,4,PISE,1,3,A,
MA,Forest,4,PISE,4,2,D,
MA,Forest,4,PISE,1.5,3,A,
MA,Forest,4,MYCE,1,3,A,
MA,Forest,4,MYCE,1,3,A,
MA,Forest,4,MYCE,1.5,3,A,
MA,Forest,4,MYCE,1,3,A,
MA,Forest,4,PISE,1,3,A,
MA,Forest,4,PISE,1,3,A,
MA,Marsh,2,NONE,,,,
MA,Marsh,5,NONE,,,,
MA,Marsh,10,JUVI,1.5,3,A,
PP,Forest,4,PISE,3.5,8,A,
PP,Forest,4,MYCE,2.2,5,A,
PP,Forest,4,MYCE,1,4,A,
PP,Forest,4,MYCE,1,4,A,
PP,Forest,4,PISE,1,5,D,
PP,Forest,4,PISE,1,5,D,
PP,Forest,4,PISE,8,9,A,
PP,Forest,4,PISE,1.5,6,A,
PP,Forest,4,PISE,3.5,7,A,
PP,Forest,4,MYCE,3.8,5,A,
PP,Forest,4,MYCE,1.6,5,A,
PP,Forest,4,MYCE,2.4,6,A,
PP,Forest,4,MYCE,1,5,A,
PP,Forest,4,MYCE,1.2,5,A,
PP,Forest,4,MYCE,1.5,5,A,
PP,Forest,4,PISE,1.5,6,A,
PP,Forest,4,PISE,3.4,8,A,
PP,Forest,4,PISE,1.2,6,A,
PP,Forest,4,PISE,2.2,6,A,
PP,Forest,4,PISE,4.8,9,A,
PP,Forest,4,ACRU,1,5,A,
PP,Forest,4,ACRU,1,5,A,
PP,Forest,4,PISE,3.9,11,A,
PP,Forest,4,PISE,5.7,12,A,
PP,Forest,4,PISE,5.7,12,A,
PP,Forest,4,PISE,1,4,A,
PP,Forest,4,PISE,1.5,6,A,
PP,Forest,4,PISE,6.3,11,A,
PP,Forest,4,PISE,1.8,5,A,
PP,Forest,4,PISE,5.9,11,A,
PP,Forest,4,PISE,2,6,A,
PP,Forest,4,PISE,1,4,A,
PP,Forest,4,PISE,1.5,5,A,
PP,Forest,4,PISE,3.3,8,A,
PP,Forest,4,PISE,1.6,5,D,
PP,Forest,4,PISE,1.7,6,A,
PP,Forest,4,PISE,2,7,D,
PP,Forest,4,PISE,3.7,10,A,
PP,Forest,4,MYCE,2.1,5,A,
PP,Forest,4,PISE,7.2,12,A,
PP,Forest,4,PISE,3.3,8,A,
PP,Forest,4,LIST,2.4,6,A,
PP,Forest,4,LIST,1.5,4,A,
PP,Forest,4,LIST,1,4,A,
PP,Forest,4,PISE,4,9,A,
PP,Forest,4,PISE,2.2,5,A,
PP,Forest,4,PISE,2,6,A,
PP,Forest,4,PISE,5.2,8,A,
PP,Forest,4,PISE,2.8,6,A,
PP,Forest,4,PISE,3.1,7,A,
PP,Forest,4,PISE,1,5,D,
PP,Forest,4,PISE,6,9,A,
PP,Forest,4,MYCE,1,5,A,
PP,Forest,4,MYCE,1.8,4,A,
PP,Forest,4,PISE,3.2,6,A,
PP,Forest,4,PISE,2.1,6,A,
PP,Forest,4,PISE,1.8,5,A,
PP,Forest,4,PISE,4.6,10,A,
PP,Forest,4,PISE,4.4,9,A,
PP,Forest,4,PISE,5.6,13,A,
PP,Forest,4,PISE,2.3,6,A,
PP,Forest,4,PISE,5.8,9,A,
PP,Forest,4,MYCE,1.4,5,A,
PP,Forest,4,PISE,2.5,6,A,
PP,Forest,4,LIST,2.5,6,A,
PP,Forest,4,PISE,1,5,A,
PP,Forest,4,MYCE,2.5,5,D,
PP,Forest,4,MYCE,1.4,3,A,
PP,Forest,4,MYCE,1.2,3,A,
PP,Forest,4,MYCE,2,5,A,
PP,Forest,4,MYCE,1.8,5,A,
PP,Forest,4,LIST,1.8,4,D,
PP,Forest,4,PISE,8,12,A,
PP,Forest,4,PISE,3.5,7,A,
PP,Forest,4,PISE,2,6,A,
PP,Forest,4,PISE,2,7,A,
PP,Forest,4,PISE,1,6,A,
PP,Forest,4,PISE,1.5,6,A,
PP,Forest,4,ACRU,1.8,6,A,
PP,Forest,4,QUMI,1.5,4,A,
PP,Forest,4,MYCE,1.8,5,A,
PP,Forest,4,MYCE,2,5,A,
PP,Forest,4,MYCE,2,4,A,
PP,Forest,4,PISE,9.8,15,,
PP,Forest,4,PISE,3,9,A,
PP,Forest,4,PISE,5.8,13,A,
PP,Forest,4,PISE,3.1,8,A,
PP,Forest,4,QUNI,3.7,8,A,
PP,Forest,4,PISE,3.5,7,A,
PP,Forest,4,PISE,9.4,11,A,
PP,Forest,4,PISE,3.8,8,A,
PP,Forest,4,PISE,4.9,8,A,
PP,Forest,4,PISE,1.5,5,A,
PP,Forest,4,PISE,8,8,A,
PP,Forest,4,PISE,1,5,D,
PP,Forest,4,PISE,1,5,A,
PP,Forest,4,PISE,1.5,5,A,
PP,Forest,4,PISE,9.8,9,A,
PP,Forest,4,MYCE,1.4,4,A,
PP,Forest,4,MYCE,2.1,5,A,
PP,Forest,4,LIST,3.3,6,A,
PP,Forest,4,ACRU,2.4,5,A,
PP,Forest,4,MYCE,1.2,5,A,
PP,Forest,4,LIST,1.8,6,A,
PP,Forest,4,PISE,2.5,6,A,
PP,Forest,4,PISE,1,4,D,
PP,Forest,4,PISE,3,5,A,
PP,Forest,4,PISE,1.6,5,A,
PP,Forest,4,PISE,5.5,9,A,
PP,Forest,4,PISE,3.7,7,A,
PP,Forest,4,PISE,5.2,8,A,
PP,Forest,4,PISE,7.4,11,A,
PP,Forest,4,UNKN,1.8,4,D,
PP,Forest,4,PISE,3.3,7,A,
PP,Forest,4,LIST,1.5,5,A,
PP,Forest,4,PISE,1,4,D,
PP,Forest,4,PISE,4.9,11,A,
PP,Forest,4,PISE,5.3,12,A,
PP,Forest,4,PISE,1.4,4,A,
PP,Forest,4,PISE,1,5,A,
PP,Forest,4,PISE,2.2,7,A,
PP,Forest,4,LIST,2.4,8,A,
PP,Forest,4,ACRU,2.5,9,A,
PP,Forest,4,MYCE,2.8,5,A,
PP,Forest,4,PISE,5.5,12,A,
PP,Forest,4,LIST,1,5,A,
PP,Forest,4,PISE,5.2,10,A,
PP,Forest,4,PINE,16.6,10,D,
PP,Forest,4,PISE,1.4,6,D,
PP,Forest,4,PISE,5.2,7,A,
PP,Forest,4,PISE,2.5,7,A,
PP,Forest,4,PISE,5.1,8,A,
PP,Forest,4,PISE,1,5,A,
PP,Forest,4,LIST,2.6,7,A,
PP,Forest,4,LIST,1.6,5,A,
PP,Forest,4,MYCE,2,5,D,
PP,Forest,4,MYCE,1,4,D,
PP,Forest,4,MYCE,1.4,4,D,
PP,Forest,4,MYCE,1,4,A,
PP,Forest,4,MYCE,2.2,6,A,
PP,Forest,4,MYCE,2.2,6,A,
PP,Forest,4,MYCE,1.5,4,A,
PP,Forest,4,MYCE,1.8,5,A,
PP,Forest,4,ACRU,2.3,7,A,
PP,Forest,4,ACRU,2.5,7,A,
PP,Forest,4,ACRU,2.4,7,A,
PP,Forest,4,ACRU,2.8,8,A,
PP,Forest,4,ACRU,2,5,A,
PP,Forest,4,ACRU,2.3,6,A,
PP,Forest,4,ACRU,1,5,D,
PP,Forest,4,PISE,3.2,10,A,
PP,Forest,4,MYCE,2.1,6,A,
PP,Forest,4,PISE,2.9,9,A,
PP,Forest,4,PISE,1.7,6,A,
PP,Forest,4,PISE,1,3,D,
PP,Forest,4,PISE,5.5,13,A,
PP,Forest,4,PISE,2.2,6,D,
PP,Forest,4,MYCE,1.5,3,D,
PP,Forest,4,MYCE,2.2,4,D,
PP,Forest,4,PISE,6.7,14,A,
PP,Forest,4,PISE,6.5,11,A,
PP,Forest,4,PISE,3.2,8,A,
PP,Forest,4,PISE,2.2,6,A,
PP,Forest,4,PISE,3.9,12,A,
PP,Forest,4,MYCE,1.3,5,A,
PP,Forest,4,MYCE,1.6,7,A,
PP,Forest,4,PISE,4,13,A,
PP,Forest,4,PISE,2.6,8,A,
PP,Forest,4,MYCE,1.7,5,A,
PP,Forest,4,PISE,2.6,7,D,
PP,Forest,4,MYCE,1.8,3,D,
PP,Forest,4,MYCE,1,3,D,
PP,Forest,4,PISE,1.1,6,A,
PP,Forest,4,PISE,1,4,A,
PP,Forest,4,UNKN,1.6,6,D,
PP,Forest,4,NYBI,2.5,7,A,
PP,Forest,4,MYCE,1.2,4,A,
PP,Forest,4,PISE,10,16,A,
PP,Forest,4,PISE,2.7,9,A,
PP,Forest,4,PISE,3.7,9,A,
PP,Forest,4,PISE,3,10,A,
PP,Forest,4,PISE,5.8,11,A,
PP,Forest,4,MYCE,2.2,4,A,
PP,Forest,4,MYCE,2,4,A,
PP,Forest,4,MYCE,1.8,5,A,
PP,Forest,4,QUMI,1,5,A,
PP,Transition,2,PEPA,1.2,5,A,
PP,Transition,2,PEPA,1.4,4,A,
PP,Transition,2,BAHA,1,4,A,
PP,Transition,2,PISE,5.2,8,A,
PP,Transition,2,PISE,1.5,4,A,
PP,Transition,2,PISE,1,3,A,
PP,Transition,2,BAHA,1.6,4,D,
PP,Transition,2,BAHA,1.8,3,D,
PP,Transition,2,PISE,2.7,5,A,
PP,Transition,2,BAHA,3,4,A,
PP,Transition,2,BAHA,3.1,5,A,
PP,Transition,2,BAHA,1,4,A,
PP,Transition,2,BAHA,1.5,4,A,
PP,Transition,2,PISE,8,9,A,
PP,Transition,2,MYCE,1,3,A,
PP,Transition,2,PISE,3.5,4,A,
PP,Transition,2,PISE,2.4,4,A,
PP,Transition,2,MYCE,1.4,4,A,
PP,Transition,2,MYCE,1,4,A,
PP,Transition,2,PISE,1,4,A,
PP,Transition,2,PISE,1.5,4,A,
PP,Transition,2,PISE,1.5,4,A,
PP,Transition,2,PISE,1.3,4,A,
PP,Transition,2,PISE,2,4,A,
PP,Transition,2,PISE,3.6,6,A,
PP,Transition,2,MYCE,1.1,4,A,
PP,Transition,2,MYCE,1.8,4,A,
PP,Transition,2,MYCE,2.2,5,A,
PP,Transition,2,MYCE,1,3,A,
PP,Transition,2,PISE,1.6,4,A,
PP,Transition,2,PISE,1,4,A,
PP,Transition,2,MYCE,1,4,A,
PP,Transition,2,MYCE,2.5,5,A,
PP,Transition,2,PEPA,1.2,4,A,
PP,Transition,2,PEPA,1.9,5,A,
PP,Transition,2,UNKN,2.1,4,D,
PP,Transition,2,UNKN,2.8,4,D,
PP,Transition,2,PEPA,2.5,5,A,
PP,Transition,2,ACRU,3.9,7,A,
PP,Transition,2,MYCE,1.3,4,A,
PP,Transition,2,BAHA,2.5,6,A,
PP,Transition,2,BAHA,1.5,4,D,
PP,Transition,2,BAHA,1.6,4,A,
PP,Transition,2,BAHA,1.8,5,A,
PP,Transition,2,BAHA,1.9,3,D,
PP,Transition,2,PISE,1.7,3,A,
PP,Transition,2,MYCE,2.4,4,A,
PP,Transition,2,MYCE,2,4,A,
PP,Transition,2,PISE,6.6,9,A,
PP,Transition,2,PISE,9,13,A,
PP,Transition,2,PISE,3.5,4,A,
PP,Transition,2,MYCE,1.5,3,A,
PP,Transition,2,MYCE,1.5,3,A,
PP,Transition,2,MYCE,1,3,A,
PP,Transition,2,PISE,2.1,4,A,
PP,Transition,2,PISE,2.4,4,A,
PP,Transition,2,PISE,1.1,3,A,
PP,Transition,2,PISE,2,4,A,
PP,Transition,2,MYCE,1,3,A,
PP,Transition,2,PISE,1.2,4,A,
PP,Transition,2,PISE,1.9,4,A,
PP,Transition,2,PISE,1.6,4,A,
PP,Transition,2,PISE,2,4,A,
PP,Transition,2,MYCE,1.9,4,A,
PP,Transition,2,MYCE,1.9,5,A,
PP,Transition,2,PISE,3,6,A,
PP,Transition,2,PISE,1.9,5,A,
PP,Transition,2,PISE,3.6,7,A,
PP,Transition,2,MYCE,1,3,A,
PP,Transition,2,PISE,3.8,5,A,
PP,Transition,2,MYCE,1,5,A,
PP,Transition,4,PITA,2.3,5,A,
PP,Transition,4,PITA,2.3,6,A,
PP,Transition,4,PITA,2,5,A,
PP,Transition,4,MYCE,1.2,4,A,
PP,Transition,4,MYCE,2,5,A,
PP,Transition,4,PITA,2,3,A,
PP,Transition,4,PITA,2.4,5,A,
PP,Transition,4,PITA,1,4,A,
PP,Transition,4,MYCE,1,4,A,
PP,Transition,4,MYCE,1,3,A,
PP,Transition,4,MYCE,1.5,4,A,
PP,Transition,4,BAHA,1.6,5,A,
PP,Transition,4,BAHA,1,4,A,
PP,Transition,4,PITA,11,12,A,
PP,Transition,4,UNKN,1.3,4,D,
PP,Transition,4,MYCE,1,4,A,
PP,Transition,4,MYCE,1.8,5,A,
PP,Transition,4,BAHA,1,4,A,
PP,Transition,4,MYCE,2.2,5,A,
PP,Transition,4,MYCE,1,4,A,
PP,Transition,4,MYCE,1,4,A,
PP,Transition,4,PISE,1.2,5,A,
PP,Transition,4,PISE,1.3,4,A,
PP,Transition,4,PISE,3.3,6,A,
PP,Transition,4,BAHA,1,3,A,
PP,Transition,4,BAHA,1.2,3,A,
PP,Transition,4,MYCE,1,4,A,
PP,Transition,4,MYCE,1.2,5,A,
PP,Transition,4,MYCE,1.1,3,A,
PP,Transition,4,PISE,1,3,A,
PP,Transition,4,PISE,3.2,5,A,
PP,Transition,4,MYCE,1,4,A,
PP,Transition,4,MYCE,1.2,4,A,
PP,Transition,4,PISE,1,3,A,
PP,Transition,4,PISE,2.5,4,A,
PP,Transition,4,PISE,1.4,4,A,
PP,Transition,4,MYCE,1,3,A,
PP,Transition,4,UNKN,3.8,4,A,
PP,Transition,4,MYCE,1.4,4,A,
PP,Transition,4,MYCE,1.4,4,A,
PP,Transition,4,MYCE,2,5,A,
PP,Transition,4,MYCE,1.2,4,A,
PP,Transition,4,MYCE,1.2,4,A,
PP,Transition,4,MYCE,1,3,A,
PP,Transition,4,PITA,1,3,A,
PP,Transition,4,BAHA,1.1,4,A,
PP,Transition,4,PITA,1.8,4,A,
PP,Transition,4,BAHA,1,2.5,A,
PP,Transition,4,PITA,5.1,5,A,
PP,Transition,4,LIST,2.5,5,A,
PP,Transition,4,PEPA,1.5,4,A,
PP,Transition,4,PEPA,1,3,A,
PP,Transition,4,PEPA,1.6,4,A,
PP,Transition,4,PISE,1.7,4,A,
PP,Transition,4,BAHA,1,3,A,
PP,Transition,4,BAHA,1.6,4,A,
PP,Transition,4,BAHA,1,4,A,
PP,Transition,4,BAHA,1,4,A,
PP,Transition,4,PITA,3.7,7,A,
PP,Transition,4,PITA,5,6,A,
PP,Transition,4,PITA,7,10,A,
PP,Transition,4,ACRU,2.6,4,A,
PP,Transition,4,BAHA,2,4,A,
PP,Transition,4,BAHA,2.2,4,A,
PP,Transition,4,BAHA,2,5,A,
PP,Transition,4,BAHA,2,4,A,
PP,Transition,4,BAHA,3.5,6,A,
PP,Transition,4,BAHA,2,3,A,
PP,Transition,4,PEPA,1,3,A,
PP,Transition,4,ACRU,1,4,A,
PP,Transition,4,BAHA,2,4,A,
PP,Transition,4,BAHA,2.1,4,A,
PP,Transition,4,BAHA,2,4,A,
PP,Transition,4,PISE,1,3,A,
PP,Transition,4,PISE,1.4,5,A,
PP,Transition,4,PISE,2,4,A,
PP,Transition,4,PISE,1.6,3,A,
PP,Transition,4,PISE,1.4,4,A,
PP,Transition,4,MYCE,1,3,A,
PP,Transition,4,MYCE,1.2,3,A,
PP,Transition,4,MYCE,1,3,A,
PP,Transition,4,PISE,3,5,A,
PP,Transition,4,PISE,2.1,5,A,
PP,Transition,4,PISE,1.6,4,A,
PP,Transition,4,PISE,1,4,A,
PP,Transition,4,MYCE,1,3,A,
PP,Transition,4,MYCE,1,4,A,
PP,Transition,4,BAHA,1,4,A,
PP,Transition,4,BAHA,1.2,4,A,
PP,Transition,4,BAHA,1.3,4,A,
PP,Transition,4,BAHA,1,4,A,
PP,Transition,4,BAHA,1.2,4,A,
PP,Transition,4,BAHA,1,4,A,
PP,Transition,4,MYCE,2,4,A,
PP,Transition,4,MYCE,1,4,A,
PP,Transition,4,MYCE,1.4,4,A,
PP,Transition,4,MYCE,1.2,4,A,
PP,Transition,4,MYCE,1,4,A,
PP,Transition,4,MYCE,1.4,4,A,
PP,Transition,4,MYCE,1.5,5,A,
PP,Transition,4,MYCE,1.8,4,A,
PP,Transition,4,PISE,1,4,A,
PP,Transition,4,PISE,2.6,6,A,
PP,Transition,4,PISE,1,3,A,
PP,Transition,4,PITA,1,4,A,
PP,Transition,4,BAHA,1.2,4,A,
PP,Transition,4,PISE,1.6,5,A,
PP,Transition,4,PISE,2.5,5,A,
PP,Transition,4,PISE,1.9,4,A,
PP,Transition,4,PISE,1,4,A,
PP,Transition,4,BAHA,1.2,4,A,
PP,Transition,4,PISE,1.6,4,A,
PP,Transition,4,PISE,1.1,4,A,
PP,Transition,4,PISE,2.1,4,A,
PP,Transition,4,PISE,1.8,4,A,
PP,Transition,4,PISE,5.8,8,A,
PP,Transition,4,BAHA,1,4,A,
PP,Transition,4,BAHA,1.2,4,A,
PP,Transition,4,PISE,3.2,6,A,
PP,Transition,4,PISE,4,6,A,
PP,Transition,4,PISE,1,2.5,A,
PP,Transition,4,PISE,1.8,3,A,
PP,Transition,4,PISE,5,7,A,
PP,Transition,4,PISE,1,3,A,
PP,Transition,4,MYCE,1.6,5,A,
PP,Transition,4,PISE,1,4,A,
PP,Transition,4,PISE,2,4,A,
PP,Transition,4,PITA,8,13,A,
PP,Transition,4,NYSY,1.6,4,A,
PP,Transition,4,PISE,2.9,5,A,
PP,Transition,4,MYCE,2.3,5,A,
PP,Transition,4,MYCE,1.9,5,A,
PP,Transition,4,PISE,4,11,A,
PP,Transition,4,PEPA,2.2,4,A,
PP,Transition,4,BAHA,1,4,D,
PP,Transition,4,PEPA,1.8,5,A,
PP,Transition,4,PEPA,1.2,4,A,
PP,Transition,4,PEPA,1,4,A,
PP,Transition,4,PEPA,1.3,4,A,
PP,Transition,4,MYCE,1.2,4,A,
PP,Transition,4,MYCE,1.4,5,A,
PP,Transition,4,MYCE,1.6,5,A,
PP,Transition,4,MYCE,1,4,A,
PP,Transition,4,BAHA,1.2,4,A,
PP,Transition,4,BAHA,1.4,4,A,
PP,Transition,4,PISE,5,7,A,
PP,Transition,4,PISE,7,8,A,
PP,Transition,4,PISE,1,3,A,
PP,Transition,4,BAHA,1,4,A,
PP,Transition,4,BAHA,1.4,5,A,
PP,Transition,4,PISE,1.8,5,A,
PP,Transition,4,PISE,1.5,5,A,
PP,Transition,4,PISE,2,5,A,
PP,Transition,4,BAHA,1.5,5,A,
PP,Transition,4,PISE,1.2,4,A,
PP,Transition,4,PISE,3.8,6,A,
PP,Transition,4,PISE,3.2,5,A,
PP,Transition,4,PISE,2,5,A,
PP,Transition,4,PISE,2.2,5,A,
PP,Transition,4,PISE,2.4,5,A,
PP,Transition,4,PISE,3,5,A,
PP,Transition,4,PISE,3,5,A,
PP,Transition,4,PISE,5.7,16,A,
PP,Transition,4,PEPA,1.8,4,A,
PP,Transition,4,PEPA,1,5,D,
PP,Transition,4,PISE,3.5,4,A,
PP,Transition,4,ACRU,1.4,5,A,
PP,Transition,4,ACRU,1.6,5,A,
PP,Transition,4,MYCE,2,5,A,
PP,Transition,4,MYCE,2,5,A,
PP,Transition,4,MYCE,2,5,A,
PP,Transition,4,PISE,3,5,A,
PP,Transition,4,PISE,3.1,6,A,
PP,Transition,4,MYCE,1.2,3,A,
PP,Transition,4,PISE,2.7,4,A,
PP,Transition,4,PISE,1.2,3,A,
PP,Forest,13,LIST,9,10,A,
PP,Forest,13,PEPA,2.2,6,A,
PP,Forest,13,PEPA,2,5,A,
PP,Forest,13,NYBI,5.2,9,A,
PP,Forest,13,LIST,6.8,6,A,
PP,Forest,13,ACRU,10.3,10,A,
PP,Forest,13,PEPA,1,4,A,
PP,Forest,13,NYBI,1,5,A,
PP,Forest,13,NYBI,1.5,6,A,
PP,Forest,13,NYBI,1.9,5,A,
PP,Forest,13,LIST,1.2,5,A,
PP,Forest,13,NYBI,2,6,A,
PP,Forest,13,ACRU,1,5,A,
PP,Forest,13,PEPA,1.5,4,A,
PP,Forest,13,PEPA,1.5,5,A,
PP,Forest,13,PEPA,2,6,A,
PP,Forest,13,PITA,12.4,10,D,
PP,Forest,13,NYBI,5.1,6,A,
PP,Forest,13,PITA,13.5,22,A,
PP,Forest,13,PEPA,4.5,6,A,
PP,Forest,13,PEPA,1,5,A,
PP,Forest,13,PITA,15,22,A,
PP,Forest,13,PEPA,3,5,A,
PP,Forest,13,LIST,4.5,6,A,
PP,Forest,13,PITA,16.2,22,A,
PP,Forest,13,PITA,14.3,20,A,
PP,Forest,13,PEPA,2.2,5,A,
PP,Forest,13,PEPA,1,4,A,
PP,Forest,13,LIST,1,5,A,
PP,Forest,13,PEPA,1,5,A,
PP,Forest,13,PEPA,1,4,A,
PP,Forest,13,MYCE,1,5,A,
PP,Forest,13,LSIT,7.8,11,A,
PP,Forest,13,PITA,12.8,22,A,
PP,Forest,13,PEPA,3,6,A,
PP,Forest,13,PEPA,2.6,6,A,
PP,Forest,13,NYCE,1,4,A,
PP,Forest,13,PITA,17.1,23,A,
PP,Forest,13,PEPA,2.8,6,A,
PP,Forest,13,LIST,6.9,8,A,
PP,Forest,13,PITA,18.2,24,A,
PP,Forest,13,MYCE,1.8,4,A,
PP,Forest,13,MYCE,3.2,5,A,
PP,Forest,13,MYCE,2,4,A,
PP,Forest,13,LIST,1,4,A,
PP,Forest,13,ACRU,1.5,5,A,
PP,Forest,13,PEPA,3.8,9,A,
PP,Forest,13,PINE,15.9,23,A,
PP,Forest,13,NYBI,3.1,6,A,
PP,Forest,13,PITA,15,16,A,
PP,Forest,13,PITA,13.5,22,A,
PP,Forest,13,PITA,15.5,22,A,
PP,Forest,13,MYCE,1,4,A,
PP,Forest,13,PEPA,1.2,6,A,
PP,Forest,13,UNKN,4,3,D,
PP,Forest,13,PEPA,2.7,5,A,
PP,Forest,13,PEPA,1,5,A,
PP,Forest,13,NYBI,3.9,6,A,
PP,Forest,13,NYBI,4.7,8,A,
PP,Forest,13,NYBI,1.5,5,A,
PP,Forest,13,LIST,3.7,5,A,
PP,Forest,13,LIST,4,7,A,
PP,Forest,13,PITA,13.3,20,D,
PP,Forest,13,MYCE,2,4,A,
PP,Forest,13,MYCE,3,5,A,
PP,Forest,13,LIST,6.3,8,A,
PP,Forest,13,PITA,16,23,A,
PP,Forest,2,NYBI,7.5,11,A,
PP,Forest,2,NYBI,7.7,11,A,
PP,Forest,2,PITA,12.2,4,D,
PP,Forest,2,ACRU,6.3,9,A,
PP,Forest,2,PITA,13.5,18,D,
PP,Forest,2,PEPA,2,5,A,
PP,Forest,2,NYBI,3.5,5,A,
PP,Forest,2,PITA,9.2,5,D,
PP,Forest,2,LIST,1,5,A,
PP,Forest,2,NYBI,1,5,A,
PP,Forest,2,NYBI,2,6,A,
PP,Forest,2,PITA,13.2,20,A,
PP,Forest,2,PEPA,1,5,A,
PP,Forest,2,PEPA,3.2,6,A,
PP,Forest,2,LIST,6.4,6,A,
PP,Forest,2,PEPA,2.1,5,A,
PP,Forest,2,PEPA,1.7,4,A,
PP,Forest,2,LIST,1,2,D,
PP,Forest,2,PITA,19.5,24,A,
PP,Forest,2,MYCE,1,4,A,
PP,Forest,2,LIST,3.5,6,A,
PP,Forest,2,ACRU,3.8,8,A,
PP,Forest,2,ACRU,1,6,A,
PP,Forest,2,ACRU,7.3,3,D,
PP,Forest,2,ACRU,8.7,6,D,
PP,Forest,2,ACRU,4,5,D,
PP,Forest,2,ACRU,3.3,7,A,
PP,Forest,2,ACRU,4,7,A,
PP,Forest,2,PITA,11.7,22,A,
PP,Forest,2,LIST,3.5,12,A,
PP,Forest,2,PEPA,2.5,5,A,
PP,Forest,2,PITA,17.8,22,A,
PP,Forest,2,PITA,17.8,23,A,
PP,Forest,2,NYBI,8.2,12,A,
PP,Forest,2,ACRU,2.3,6,A,
PP,Forest,2,MYCE,2,5,A,
PP,Forest,2,PEPA,2.7,5,A,
PP,Forest,2,LIST,5,8,A,
PP,Forest,2,PEPA,1.5,5,A,
PP,Forest,2,NYBI,8.6,8,A,
PP,Forest,2,PITA,18.3,24,A,
PP,Forest,2,PEPA,2,5,A,
PP,Forest,2,NYBI,2,6,A,
PP,Forest,2,PITA,12.3,17,A,
PP,Forest,2,LIST,4,6,A,
PP,Forest,2,ACRU,2.5,6,A,
PP,Forest,2,ACRU,2,6,A,
PP,Forest,2,PEPA,1.5,4,A,
PP,Forest,2,PEPA,2,6,A,
PP,Forest,2,PEPA,2.5,5,A,
PP,Forest,2,PEPA,3.4,6,A,
PP,Forest,2,PEPA,2,5,A,
PP,Forest,2,PITA,19.5,23,A,
PP,Forest,2,ACRU,1.5,2.5,D,
PP,Forest,2,PEPA,2,5,A,
PP,Forest,2,NYBI,3,8,A,
PP,Forest,2,ACRU,6.2,6,A,
PP,Forest,2,NYBI,3.5,4,A,
PP,Transition,3,BAHA,1,2,D,
PP,Transition,3,BAHA,1,2,D,
PP,Transition,3,BAHA,1,3,D,
PP,Transition,3,BAHA,1.8,4,A,
PP,Transition,3,BAHA,1,3,D,
PP,Transition,3,PITA,7,8,A,
PP,Transition,3,PITA,8.5,9,A,
PP,Transition,3,PITA,3.5,4,A,
PP,Transition,3,PITA,5.5,7,A,
PP,Transition,3,PITA,1,4,A,
PP,Transition,3,PITA,3.9,6,A,
PP,Transition,3,PITA,1.4,4,A,
PP,Transition,3,PITA,1.7,4,A,
PP,Transition,3,PITA,1,4,A,
PP,Transition,3,PITA,1,5,A,
PP,Transition,3,PITA,1.8,4,A,
PP,Transition,3,PITA,3,6,A,
PP,Transition,3,PEPA,1,4,A,
PP,Transition,3,BAHA,1.5,4,D,
PP,Transition,3,BAHA,1.3,5,D,
PP,Transition,3,BAHA,1,4,A,
PP,Transition,3,BAHA,1.9,4,A,
PP,Transition,3,PITA,8.1,9,A,
PP,Transition,3,PITA,1.7,4,A,
PP,Transition,3,PITA,3.8,5,A,
PP,Transition,3,BAHA,1,3,A,
PP,Transition,3,BAHA,1.3,5,A,
PP,Transition,3,PITA,2,4,A,
PP,Transition,3,PITA,1,4,A,
PP,Transition,3,PITA,2.3,5,A,
PP,Transition,3,PITA,7.1,6,A,
PP,Transition,3,ACRU,1.5,3.5,A,
PP,Transition,3,PITA,4,5,A,
PP,Transition,3,PITA,1,3,A,
PP,Transition,3,PITA,1,3,A,
PP,Transition,3,PITA,1.5,4,A,
PP,Transition,3,MYCE,1,4,A,
PP,Transition,3,MYCE,1,4,A,
PP,Transition,3,MYCE,1,4,A,
PP,Transition,3,PITA,4.6,7,A,
PP,Transition,3,PITA,5.8,7,A,
PP,Transition,3,BAHA,1,4,A,
PP,Transition,3,PITA,6,5,A,
PP,Transition,3,PITA,6.2,9,A,
PP,Transition,3,PITA,1,4,A,
PP,Transition,3,PITA,1.5,4,A,
PP,Transition,3,PITA,6.8,8,A,
PP,Transition,3,MYCE,1.8,5,A,
PP,Transition,3,MYCE,1.5,4,A,
PP,Transition,3,MYCE,1.8,5,A,
PP,Transition,3,PITA,2.1,6,A,
PP,Transition,3,PITA,1,4,A,
PP,Transition,3,PITA,4.5,6,A,
PP,Transition,3,PITA,1,3,A,
PP,Transition,3,MYCE,1,4,A,
PP,Transition,3,MYCE,1.5,4,A,
PP,Transition,3,PITA,1.2,3,A,
PP,Transition,3,PITA,1,3,A,
PP,Transition,3,PITA,1.7,3,A,
PP,Transition,3,PITA,1.5,4,A,
PP,Transition,3,PITA,1.8,5,A,
PP,Transition,3,PITA,2,6,A,
PP,Transition,3,PITA,1.5,5,A,
PP,Transition,3,PITA,1,4,A,
PP,Transition,3,PITA,1,4,A,
PP,Transition,3,PITA,2,4,A,
PP,Transition,3,PITA,2.1,5,A,
PP,Transition,6,PITA,3.2,6,A,
PP,Transition,6,MYCE,1,4,A,
PP,Transition,6,MYCE,1,4,A,
PP,Transition,6,MYCE,1.4,4,A,
PP,Transition,6,PEPA,1,2.5,A,
PP,Transition,6,PITA,8.9,8,A,
PP,Transition,6,PITA,7.1,8,A,
PP,Transition,6,PITA,4.4,6,A,
PP,Transition,6,PITA,1.3,2.5,A,
PP,Transition,6,MYCE,1,3,A,
PP,Transition,6,PITA,1,4,A,
PP,Transition,6,PITA,2.5,5,A,
PP,Transition,6,PITA,3,5,A,
PP,Transition,6,PITA,2.3,4,A,
PP,Transition,6,PITA,1,3,A,
PP,Transition,6,MYCE,1,3,A,
PP,Transition,6,PITA,1,3,A,
PP,Transition,6,PITA,3.2,5,A,
PP,Transition,6,PITA,2,3.5,A,
PP,Transition,6,PITA,1,3,A,
PP,Transition,6,MYCE,1,3,A,
PP,Transition,6,PITA,1.9,4,A,
PP,Transition,6,PITA,2.2,4,A,
PP,Transition,6,MYCE,1.8,5,A,
PP,Transition,6,MYCE,1.5,4,A,
PP,Transition,6,PITA,3,5,A,
PP,Transition,6,PITA,1.9,4,A,
PP,Transition,6,PITA,2.2,4,A,
PP,Transition,6,PITA,2.9,5,A,
PP,Transition,6,PITA,1,3,A,
PP,Transition,6,PITA,1.3,4,A,
PP,Transition,6,PITA,1.3,4,A,
PP,Transition,6,PITA,1.3,4,A,
PP,Transition,6,PITA,2.4,5,A,
PP,Transition,6,PITA,1.2,3,A,
PP,Transition,6,PITA,3,5,A,
PP,Transition,6,PITA,1.2,3,A,
PP,Transition,6,PITA,2.5,5,A,
PP,Transition,6,PITA,1,3,A,
PP,Transition,6,PITA,1.2,3,A,
PP,Transition,6,PITA,3.5,5,A,
PP,Transition,6,PITA,2.7,4,A,
PP,Transition,6,PITA,1,3,A,
PP,Transition,6,PITA,1.7,4,A,
PP,Transition,6,PITA,1.4,3,A,
PP,Transition,6,PITA,1.6,3,A,
PP,Transition,6,PITA,2.4,4,A,
PP,Transition,6,PITA,1,3,A,
PP,Transition,6,PITA,1,3,A,
PP,Transition,6,JUVI,1.3,5,A,
PP,Transition,6,PITA,2.3,5,A,
PP,Transition,6,ACRU,1.8,6,A,
PP,Transition,6,PITA,8.7,7,A,
PP,Transition,6,PEPA,1.4,4,A,
PP,Transition,6,PITA,5.2,7,A,
PP,Transition,6,PEPA,1.9,4,A,
PP,Transition,6,PITA,4.5,6,A,
PP,Transition,6,PITA,3.4,5,A,
PP,Transition,6,PITA,1,3,A,
PP,Transition,6,PITA,3.8,6,A,
PP,Transition,6,UNKN,1.1,3,D,
PP,Transition,6,UNKN,1,3,D,
PP,Transition,6,UNKN,1.3,3,D,
PP,Transition,6,PITA,2.1,5,A,
PP,Transition,6,PITA,2.2,5,A,
PP,Transition,6,PITA,2,4,A,
PP,Transition,6,PITA,2.3,4,A,
PP,Transition,6,PITA,1.6,4,A,
PP,Transition,6,PITA,1,3,A,
PP,Transition,6,PEPA,2.9,6,A,
PP,Transition,6,PEPA,1.3,4,A,
PP,Transition,6,PEPA,1,4,A,
PP,Transition,6,PITA,7.3,7,A,
PP,Transition,6,BAHA,1,2,D,
PP,Transition,6,BAHA,1,3,D,
PP,Transition,6,BAHA,1.4,4,D,
PP,Forest,7,PITA,9.5,11,A,
PP,Forest,7,PEPA,1,4,A,
PP,Forest,7,PEPA,1,4,A,
PP,Forest,7,PITA,7.1,10,A,
PP,Forest,7,PITA,5.2,9,A,
PP,Forest,7,PITA,1,4,A,
PP,Forest,7,PITA,12,4,D,
PP,Forest,7,PITA,8,9,A,
PP,Forest,7,PEPA,1,4,A,
PP,Forest,7,NYBI,1,4,A,
PP,Forest,7,ACRU,1.5,6,A,
PP,Forest,7,PITA,8,9,A,
PP,Forest,7,PITA,8,10,A,
PP,Forest,7,LIST,1,5,A,
PP,Forest,7,PITA,1.5,5,D,
PP,Forest,7,PITA,10,12,A,
PP,Forest,7,PITA,4.3,6,A,
PP,Forest,7,PITA,8,11,A,
PP,Forest,7,PITA,6.2,9,A,
PP,Forest,7,PITA,1,5,A,
PP,Forest,7,PITA,1,5,A,
PP,Forest,7,PITA,1.5,6,A,
PP,Forest,7,LIST,1.2,6,A,
PP,Forest,7,LIST,1,5,A,
PP,Forest,7,PITA,8,10,A,
PP,Forest,7,PITA,19,2,A,
PP,Forest,7,LIST,6.1,10,A,
PP,Forest,7,PITA,7,11,A,
PP,Forest,7,LIST,5.2,9,A,
PP,Forest,7,PITA,1,4,A,
PP,Forest,7,ACRU,1,6,A,
PP,Forest,7,ACRU,1,6,A,
PP,Forest,7,PITA,5.2,9,A,
PP,Forest,7,PITA,10.3,12,A,
PP,Forest,7,PITA,9.2,13,A,
PP,Forest,7,PITA,13,9,D,
PP,Forest,7,PITA,6.2,11,A,
PP,Forest,7,PITA,1.5,6,A,
PP,Forest,7,PITA,8,13,A,
PP,Forest,7,PITA,5.5,10,A,
PP,Forest,7,LIST,1.3,6,A,
PP,Forest,7,LIST,1.5,6,A,
PP,Forest,7,LIST,1.2,6,A,
PP,Forest,7,PITA,8,11,A,
PP,Forest,7,LIST,1.5,6,A,
PP,Forest,7,PITA,9.2,13,A,
PP,Forest,7,PIAT,6.5,11,A,
PP,Forest,7,PITA,7.2,12,A,
PP,Forest,7,PITA,4,8,A,
PP,Forest,7,LIST,1.5,6,A,
PP,Forest,7,PITA,1.8,7,A,
PP,Forest,7,PITA,2,7,A,
PP,Forest,7,PITA,8,11,A,
PP,Forest,7,PITA,4,9,A,
PP,Forest,7,PITA,6.3,12,A,
PP,Forest,7,PITA,5,5,D,
PP,Forest,7,PITA,16,7,D,
PP,Forest,7,LIST,1.5,5,A,
PP,Forest,5,PISE,5.5,7,D,
PP,Forest,5,PISE,4.8,6,A,
PP,Forest,5,BAHA,1,3,A,
PP,Forest,5,PISE,3,4,A,
PP,Forest,5,PISE,2.6,4,A,
PP,Forest,5,PISE,4,5,A,
PP,Forest,5,PISE,5.5,6,A,
PP,Forest,5,PISE,1.2,3,A,
PP,Forest,5,MYCE,1,3,A,
PP,Forest,5,PISE,9,8,A,
PP,Forest,5,MYCE,1,3,A,
PP,Forest,5,PISE,6.5,7,A,
PP,Forest,5,PISE,1,3,A,
PP,Forest,5,PISE,4.5,2.5,D,
PP,Forest,5,PISE,1,3,A,
PP,Forest,5,PISE,5.3,5,A,
PP,Forest,5,PISE,4.9,5,A,
PP,Forest,5,PISE,2,3,A,
PP,Forest,5,PISE,6.5,7,A,
PP,Forest,5,LIST,1,4,A,
PP,Forest,5,PISE,4.5,6,A,
PP,Forest,5,PISE,4.9,5,A,
PP,Forest,5,PISE,18,2,D,
PP,Forest,5,PISE,5.2,6,A,
PP,Forest,5,PISE,5.3,7,A,
PP,Forest,5,PISE,1,3,D,
PP,Forest,5,PISE,4.9,4,D,
PP,Forest,5,PISE,2.3,4,A,
PP,Forest,5,MYCE,1.5,4,A,
PP,Forest,5,PISE,1.7,2,D,
PP,Forest,5,MYCE,1,4,A,
PP,Forest,5,PISE,4.4,6,A,
PP,Forest,5,MYCE,1,4,A,
PP,Forest,5,PISE,2.8,5,A,
PP,Forest,5,MYCE,1,3,A,
PP,Forest,5,NYBI,1,3,A,
PP,Forest,5,PISE,3.3,4,A,
PP,Forest,5,LIST,1,4,D,
PP,Forest,5,PISE,5.3,4,A,
PP,Forest,5,ACRU,1.4,5,A,
PP,Forest,5,ACRU,1,4,A,
PP,Forest,5,PISE,4.6,6,A,
PP,Forest,5,PISE,5,6,A,
PP,Forest,5,BAHA,1,4,A,
PP,Forest,5,PISE,2.9,4,A,
PP,Forest,5,PISE,2,4,A,
PP,Forest,5,PISE,3.9,5,A,
PP,Forest,5,PISE,2,4,A,
PP,Forest,5,PISE,2.1,4,A,
PP,Forest,5,PISE,7,5,A,
PP,Forest,5,PISE,5,5,A,
PP,Forest,5,PISE,2.3,4,A,
PP,Forest,5,BAHA,1,4,A,
PP,Forest,5,PISE,3.1,4,A,
PP,Forest,5,PISE,3,5,A,
PP,Forest,5,PISE,2.4,5,A,
PP,Forest,5,PEPA,1,4,A,
PP,Forest,5,PISE,3.4,5,A,
PP,Forest,5,MYCE,1,4,A,
PP,Forest,5,PISE,6.4,6,A,
PP,Forest,5,PISE,3.2,4,A,
PP,Forest,5,PISE,1.5,4,A,
PP,Forest,5,PISE,8.8,9,A,
PP,Forest,5,PISE,6.7,6,A,
PP,Forest,5,PISE,1,4,A,
PP,Forest,5,PISE,3.5,5,A,
PP,Forest,5,PISE,6,8,A,
PP,Forest,5,PISE,6.2,7,A,
PP,Forest,5,PISE,1.3,3,A,
PP,Forest,5,PISE,5,6,A,
PP,Forest,5,PISE,3,6,A,
PP,Forest,5,MYCE,1.5,3,A,
PP,Forest,5,MYCE,1,3,A,
PP,Forest,5,PISE,1,3,D,
PP,Forest,5,PISE,1.5,4,A,
PP,Forest,5,PISE,1,3,A,
PP,Forest,5,PISE,1.5,4,A,
PP,Forest,5,PISE,4,5,A,
PP,Forest,5,PISE,3.4,6,A,
PP,Forest,5,PISE,2.5,3,D,
PP,Forest,5,PISE,2,4,A,
PP,Forest,5,PISE,5.5,6,A,
PP,Forest,5,NYBI,3.5,6,A,
PP,Forest,5,PISE,2.5,4,A,
PP,Forest,5,MYCE,1.5,4,A,
PP,Forest,20,PISE,3,3,D,
PP,Forest,20,LIST,1.5,5,A,
PP,Forest,20,PISE,1.5,4,A,
PP,Forest,20,PISE,8,9,A,
PP,Forest,20,PISE,9.8,9,A,
PP,Forest,20,LIST,1,4,A,
PP,Forest,20,LIST,1,5,A,
PP,Forest,20,UNKN 4,1,4,A,"Red Oak, bark same as UNKN 3"
PP,Forest,20,UNKN 4,1,4,A,
PP,Forest,20,UNKN 4,1,4,A,
PP,Forest,20,LIST,1,4,A,
PP,Forest,20,LIST,1,4,A,
PP,Forest,20,LIST,1,5,A,
PP,Forest,20,LIST,2,7,A,
PP,Forest,20,PISE,4,7,A,
PP,Forest,20,LIST,1,5,A,
PP,Forest,20,LIST,1,5,A,
PP,Forest,20,LIST,1,4,A,
PP,Forest,20,PISE,1.5,3,A,
PP,Forest,20,PISE,7.5,10,A,
PP,Forest,20,MYCE,1,5,A,
PP,Forest,20,PISE,21.5,22,A,
PP,Forest,20,PISE,2.8,4,A,
PP,Forest,20,PISE,19,22,D,
PP,Forest,20,PISE,5.9,8,A,
PP,Forest,20,LIST,3,7,A,
PP,Forest,20,PEPA,1.8,5,A,
PP,Forest,20,MYCE,1.5,4,A,
PP,Forest,20,MYCE,1,4,A,
PP,Forest,20,MYCE,1.5,4,A,
PP,Forest,20,PISE,8,12,A,
PP,Forest,20,MYCE,1,3,A,
PP,Forest,20,LIST,1,5,A,
PP,Forest,20,LIST,1,5,A,
PP,Forest,20,MYCE,1,4,A,
PP,Forest,20,QULA,15,5,A,
PP,Forest,20,UNKN,1,4,D,
PP,Forest,20,PISE,7.3,9,A,
PP,Forest,20,PISE,7,8,A,
PP,Forest,20,MYCE,1,3,A,
PP,Forest,20,MYCE,1,3,A,
PP,Forest,20,PISE,4,7,A,
PP,Forest,20,MYCE,1,4,A,
PP,Forest,20,PISE,4,7,A,
PP,Forest,20,MYCE,1,4,A,
PP,Forest,20,MYCE,1.7,4,A,
PP,Forest,20,PISE,7.1,9,A,
PP,Forest,20,PISE,6,8,A,
PP,Forest,20,MYCE,1.5,4,A,
PP,Forest,20,PISE,6,8,A,
PP,Forest,20,PISE,4,7,A,
PP,Forest,20,PISE,4.7,7,A,
PP,Forest,20,PEPA,1.2,4,A,
PP,Forest,20,PISE,1,3,A,
PP,Forest,20,LIST,1.5,4,A,
PP,Forest,20,PISE,2,5,A,
PP,Forest,20,PISE,3,8,A,
PP,Forest,20,PISE,15.5,2,D,
PP,Forest,20,PISE,10.5,12,A,
PP,Forest,20,LIST,1.2,5,A,
PP,Forest,20,UNKN 3,1,5,A,"Ovate; margin entire; alternate; smooth, scaleless bark"
PP,Forest,20,UNKN 3,1,5,A,
PP,Forest,20,UNKN 3,1.2,5,A,
PP,Forest,20,UNKN 3,1,5,A,
PP,Forest,20,PISE,6.2,11,A,
PP,Forest,20,PISE,7,9,A,
PP,Forest,20,PISE,2.5,5,A,
PP,Forest,20,LIST,1.5,5,A,
PP,Forest,20,LIST,1,4,A,
PP,Forest,20,PISE,1.5,3,D,
PP,Forest,20,MYCE,1,4,A,
PP,Forest,20,MYCE,1.5,5,A,
PP,Forest,20,PISE,7.5,8,A,
PP,Forest,20,PEPA,1,3,A,
PP,Forest,20,PISE,8,8,A,
PP,Forest,20,MYCE,1.9,5,A,
PP,Forest,20,MYCE,1,4,A,
PP,Forest,20,PISE,4,5,D,
PP,Forest,20,PISE,7.3,8,A,
PP,Forest,20,PISE,1.6,3,D,
PP,Forest,20,PISE,5.5,8,A,
PP,Forest,20,MYCE,1,4,A,
PP,Forest,20,PISE,4.5,7,A,
PP,Forest,20,ACRU,1.5,6,A,
PP,Forest,20,ACRU,2,6,A,
PP,Forest,20,ACRU,1,5,A,
PP,Forest,20,PISE,2.5,2,D,
PP,Forest,11,PISE,3.1,6,A,
PP,Forest,11,PISE,1.5,6,A,
PP,Forest,11,PISE,3,7,A,
PP,Forest,11,PISE,1.5,5,A,
PP,Forest,11,PISE,5.7,6,A,
PP,Forest,11,PISE,1,3,A,
PP,Forest,11,PISE,1.5,3.5,D,
PP,Forest,11,PISE,1,3.5,D,
PP,Forest,11,PISE,2,2,D,
PP,Forest,11,PISE,1.5,3,D,
PP,Forest,11,PISE,4,7,A,
PP,Forest,11,PISE,1,3,A,
PP,Forest,11,PISE,1.7,4,A,
PP,Forest,11,PISE,1.5,3,A,
PP,Forest,11,PISE,1,2,D,
PP,Forest,11,PISE,3,3,D,
PP,Forest,11,UNKN,1,4,D,
PP,Forest,11,NYBI,3.2,7,A,
PP,Forest,11,MYCE,1,3,A,
PP,Forest,11,MYCE,1,3,A,
PP,Forest,11,PISE,3.2,5,A,
PP,Forest,11,PISE,4,7,A,
PP,Forest,11,PISE,2.8,5,D,
PP,Forest,11,PISE,1,4,A,
PP,Forest,11,PEPA,1.5,5,A,
PP,Forest,11,PISE,2.2,6,A,
PP,Forest,11,PISE,3,7,A,
PP,Forest,11,MYCE,1,4,A,
PP,Forest,11,MYCE,1.5,4,A,
PP,Forest,11,PISE,3,6,D,
PP,Forest,11,LIST,2.3,5,A,
PP,Forest,11,PISE,2.1,5,A,
PP,Forest,11,PISE,1.5,2,A,
PP,Forest,11,PISE,2,4,D,
PP,Forest,11,MYCE,1.5,4,A,
PP,Forest,11,PISE,5.1,6,A,
PP,Forest,11,PISE,5,6,A,
PP,Forest,11,PISE,1,4,A,
PP,Forest,11,PISE,1,4,A,
PP,Forest,11,PISE,5,6,A,
PP,Forest,11,PISE,3,4,D,
PP,Forest,11,PISE,5.5,7,A,
PP,Forest,11,PISE,2.4,6,A,
PP,Forest,11,PISE,13.8,4,D,
PP,Forest,11,LIST,2.8,5,A,
PP,Forest,11,PISE,3,5,A,
PP,Forest,11,PISE,4.5,5,A,
PP,Forest,11,PISE,2.5,5,A,
PP,Forest,11,PISE,1,4,A,
PP,Forest,11,PISE,2.5,6,A,
PP,Forest,11,PISE,2,5,A,
PP,Forest,11,PISE,5.1,5,A,
PP,Forest,11,PISE,10.9,5,D,
PP,Forest,11,PISE,1,2,A,
PP,Forest,11,PISE,3.5,5,A,
PP,Forest,11,LIST,2.5,2,D,
PP,Forest,11,PISE,1.2,3,A,
PP,Forest,11,PISE,2.6,5,A,
PP,Forest,11,PISE,5,7,A,
PP,Forest,11,PISE,4.5,6,A,
PP,Forest,11,PISE,14,2,D,
PP,Forest,11,LIST,3,6,A,
PP,Forest,11,LIST,2.4,5,A,
PP,Forest,11,PISE,3.2,5,A,
PP,Forest,11,PISE,5.9,7,A,
PP,Forest,11,PISE,1.4,3,A,
PP,Forest,11,PISE,3.5,6,A,
PP,Forest,11,PISE,2,5,A,
PP,Forest,11,PISE,5.8,7,A,
PP,Forest,11,PISE,20,25,D,
PP,Forest,11,PISE,2.4,4,A,
PP,Forest,11,LIST,1.5,4,A,
PP,Forest,11,PISE,1.7,6,A,
PP,Forest,11,PISE,1.5,6,A,
PP,Forest,11,PISE,1.5,5,A,
PP,Forest,11,PISE,3.2,7,A,
PP,Forest,11,PISE,2.7,6,A,
PP,Forest,11,PISE,1,3,A,
PP,Forest,11,LIST,1.6,5,A,
PP,Forest,11,PISE,1.5,5,A,
PP,Forest,11,PISE,1.8,6,A,
PP,Forest,11,LIST,1,3,A,
PP,Forest,11,PISE,2.7,7,A,
PP,Forest,11,LIST,3.6,5,A,
PP,Forest,11,PISE,16.2,23,D,
PP,Forest,11,PISE,4.5,7,A,
PP,Forest,11,PISE,2.9,7,A,
PP,Forest,11,PISE,1,3,D,
PP,Forest,11,PISE,5.5,7,A,
PP,Forest,11,LIST,1.4,4.5,A,
PP,Forest,11,MYCE,2.3,5,A,
PP,Forest,11,ACRU,1.5,5,A,
PP,Forest,11,LIST,1.5,5,A,
PP,Forest,11,PISE,11,3,D,
PP,Forest,11,ACRU,2.2,6,A,
PP,Forest,11,ACRU,1.2,5,A,
PP,Forest,11,ACRU,1,2,D,
PP,Forest,11,LIST,2.3,4,A,
PP,Forest,11,PISE,1.5,6,A,
PP,Forest,11,MYCE,1,4,A,
PP,Forest,11,PISE,3.5,6,A,
PP,Forest,11,PISE,18,24,A,
PP,Forest,11,MYCE,2.6,5,A,
PP,Forest,11,PISE,11,4,D,
PP,Forest,11,LIST,1,4,A,
PP,Forest,11,PISE,1,3.5,A,
PP,Forest,11,PISE,3.1,6,A,
PP,Forest,11,PISE,4.5,7,A,
PP,Forest,11,PISE,13.4,8,D,
PP,Forest,11,PISE,1.5,5,A,
PP,Forest,11,PISE,2,5,A,
PP,Forest,11,NYBI,5.5,6,A,
PP,Forest,11,LIST,1,3,A,
PP,Forest,11,PISE,1,4,A,
PP,Forest,11,PISE,1.4,5,A,
PP,Forest,11,LIST,2.3,5,A,
PP,Forest,11,MYCE,1.2,4,A,
PP,Forest,11,PISE,3,6,A,
PP,Forest,11,PISE,1.5,5,A,
PP,Forest,11,PISE,3,3,D,
PP,Forest,11,PISE,1,3,A,
PP,Forest,11,PISE,1.9,5,A,
PP,Forest,11,PISE,3.3,6,A,
PP,Forest,11,PISE,3.2,5,A,
PP,Forest,11,PISE,1,3,A,
PP,Forest,11,PISE,4.1,7,A,
PP,Forest,11,PISE,1,4,A,
PP,Forest,11,PISE,1,4,A,
PP,Forest,11,PISE,2,5,A,
PP,Forest,11,PISE,6.5,7,A,
PP,Forest,11,PINE,17,8,D,
PP,Forest,11,PISE,3.7,6,A,
PP,Forest,11,PISE,3,4,D,
PP,Forest,11,PISE,3.4,3,D,
PP,Forest,11,PISE,2.3,4,A,
PP,Forest,11,PISE,2.2,5,D,
PP,Forest,11,PISE,2.7,2.5,D,
PP,Forest,11,PISE,2,4,A,
PP,Forest,11,PISE,2.2,5,A,
PP,Forest,11,PISE,3,7,A,
PP,Forest,11,PISE,2.8,5,A,
PP,Forest,11,PISE,1,4,A,
PP,Forest,11,PISE,1,5,A,
PP,Forest,11,PISE,1.5,5,A,
PP,Forest,11,PISE,2.4,6,A,
PP,Forest,11,PISE,4.9,7,A,
PP,Forest,11,PISE,1.5,4,A,
PP,Forest,11,PISE,1,4,A,
PP,Forest,11,PISE,3.5,6,A,
PP,Forest,11,PISE,2.1,5,D,
PP,Forest,11,PISE,1,4,A,
PP,Forest,11,PISE,1.8,4,A,
PP,Forest,11,PISE,6.1,6,A,
PP,Forest,11,PISE,2.8,5,A,
PP,Forest,11,PISE,3.5,6,A,
PP,Forest,11,PISE,2,4,A,
PP,Forest,11,PISE,13.2,5,D,
PP,Forest,11,PISE,1,4,A,
PP,Forest,11,PISE,1.5,5,A,
PP,Forest,11,PISE,4,6,A,
PP,Forest,11,PISE,5,7,A,
PP,Forest,11,PISE,3,6,A,
PP,Forest,11,NYBI,2.5,4,A,
PP,Forest,11,PISE,4,7,A,
PP,Forest,11,PISE,3.2,5,A,
PP,Transition,12,TADI,1.8,4,A,
PP,Transition,12,PISE,1,4,A,
PP,Transition,12,MYCE,1.3,4,A,
PP,Transition,12,PISE,1,4,A,
PP,Transition,12,PISE,1.5,4,A,
PP,Transition,12,PISE,4,5,A,
PP,Transition,12,PISE,4,5,A,
PP,Transition,12,PISE,1.5,2,D,
PP,Transition,12,BAHA,1,4,A,
PP,Transition,12,ACRU,1,5,A,
PP,Transition,12,PISE,2.2,4,A,
PP,Transition,12,PISE,1.8,3,D,
PP,Transition,12,PISE,2.5,5,A,
PP,Transition,12,PISE,2.5,4,D,
PP,Transition,12,PISE,2.5,3,D,
PP,Transition,12,PISE,2.5,4,A,
PP,Transition,12,PISE,2,5,A,
PP,Transition,12,PISE,3,5,A,
PP,Transition,12,PISE,3,6,A,
PP,Transition,12,PISE,1.5,4,A,
PP,Transition,12,PISE,1,2,D,
PP,Transition,12,PISE,3.5,6,A,
PP,Transition,12,PISE,1.5,3,D,
PP,Transition,12,PISE,2,3,D,
PP,Transition,12,PISE,3.5,6,D,
PP,Transition,12,PISE,1.5,2,D,
PP,Transition,12,PISE,3,5,A,
PP,Transition,12,PISE,1.5,4,A,
PP,Transition,12,PISE,1.5,3,A,
PP,Transition,12,PISE,1,3,A,
PP,Transition,12,TADI,3,4,A,
PP,Transition,12,PISE,1,4,A,
PP,Transition,12,TADI,1.8,3.5,A,
PP,Transition,12,MYCE,1,4,A,
PP,Transition,12,PISE,1.5,3,A,
PP,Transition,12,PISE,2.2,5,A,
PP,Transition,12,PISE,1,4,A,
PP,Transition,12,PISE,2.6,5,A,
PP,Transition,12,PISE,2.5,5,A,
PP,Transition,12,MYCE,2.5,4,A,
PP,Transition,12,PISE,4,5,A,
PP,Transition,12,PISE,2,3,A,
PP,Transition,12,MYCE,1.3,4,A,
PP,Transition,12,MYCE,1,4,A,
PP,Transition,12,PISE,4.5,5,A,
PP,Transition,12,PISE,1.5,3,A,
PP,Transition,12,PISE,1,3,A,
PP,Transition,12,PISE,1,3,A,
PP,Transition,12,MYCE,1,3,A,
PP,Transition,12,PISE,3,4,A,
PP,Transition,12,PISE,1.5,3,A,
PP,Transition,12,PISE,1.5,4,A,
PP,Transition,12,PISE,1,3,A,
PP,Transition,12,PISE,2.7,5,A,
PP,Transition,12,PISE,3,6,A,
PP,Transition,12,TADI,3,3,A,
PP,Transition,12,PISE,2,4,A,
PP,Transition,12,PISE,3,5,A,
PP,Transition,12,PISE,2.1,4,A,
PP,Transition,12,PISE,3.5,4.5,A,
PP,Transition,12,PISE,2,3,A,
PP,Transition,12,PISE,1,3,A,
PP,Transition,12,PISE,2.4,5,A,
PP,Transition,12,PISE,2.3,5,A,
PP,Transition,12,PISE,3,6,A,
PP,Transition,12,MYCE,1,3,A,
PP,Transition,12,MYCE,1,3,A,
PP,Transition,12,MYCE,1,3,A,
PP,Transition,12,PISE,1.3,3,A,
PP,Transition,12,PISE,1,3,A,
PP,Transition,12,PISE,1,3,D,
PP,Transition,12,PISE,1,3,A,
PP,Transition,12,PISE,3,4.5,D,
PP,Transition,12,PISE,1,3,A,
PP,Transition,12,PISE,2,4,D,
PP,Transition,12,PISE,3.9,7,A,
PP,Transition,12,PISE,3.6,5,A,
PP,Transition,12,PISE,2,2,D,
PP,Transition,12,PISE,2,4,A,
PP,Transition,12,PISE,2,2,D,
PP,Transition,12,LIST,1,4,A,
PP,Transition,12,LIST,1.5,5,A,
PP,Transition,12,ACRU,1.2,4,A,
PP,Transition,12,MYCE,1,4,A,
PP,Transition,12,PISE,2.7,5,A,
PP,Transition,12,PISE,3,6,A,
PP,Transition,12,ACRU,1,5,A,
PP,Transition,12,PISE,2,5,A,
PP,Transition,12,MYCE,1.3,4,A,
PP,Transition,12,PISE,3.5,5,A,
PP,Transition,12,PISE,3,5,A,
PP,Transition,11,PISE,1,4,A,
PP,Transition,11,PISE,2.2,4,A,
PP,Transition,11,PISE,2,4,A,
PP,Transition,11,MYCE,1.4,4,A,
PP,Transition,11,MYCE,1.3,4,A,
PP,Transition,11,MYCE,1.2,4,A,
PP,Transition,11,MYCE,1,4,A,
PP,Transition,11,MYCE,1,4,A,
PP,Transition,11,PISE,1.5,2.5,D,
PP,Transition,11,PISE,1,4,D,
PP,Transition,11,PISE,1.3,4,A,
PP,Transition,11,MYCE,1.3,3,A,
PP,Transition,11,MYCE,1.3,4,A,
PP,Transition,11,MYCE,1.2,4,A,
PP,Transition,11,PISE,3.8,5,A,
PP,Transition,11,MYCE,1.3,4,A,
PP,Transition,11,MYCE,1.5,4,A,
PP,Transition,11,MYCE,2.1,4,A,
PP,Transition,11,PISE,3,4,A,
PP,Transition,11,PISE,1.8,4,D,
PP,Transition,11,PISE,1,4,A,
PP,Transition,11,PISE,5,5,A,
PP,Transition,11,PISE,1,4,A,
PP,Transition,11,PISE,3.5,5,A,
PP,Transition,11,PISE,1.6,4,A,
PP,Transition,11,PISE,3,5,A,
PP,Transition,11,PISE,1.6,5,A,
PP,Transition,11,PISE,4,5,A,
PP,Transition,11,PISE,1.2,4,A,
PP,Transition,11,PISE,1.2,3,A,
PP,Transition,11,PISE,1,3,A,
PP,Transition,11,MYCE,1,3,A,
PP,Transition,11,MYCE,2.7,5,A,
PP,Transition,11,MYCE,1.2,4,A,
PP,Transition,11,MYCE,1,4,A,
PP,Transition,11,MYCE,1,4,A,
PP,Transition,11,MYCE,1,5,A,
PP,Transition,11,PISE,1,3,D,
PP,Transition,11,ACRU,1,4,A,
PP,Transition,11,ACRU,1,4,A,
PP,Transition,11,PISE,1.6,5,A,
PP,Transition,11,PISE,1.2,4,A,
PP,Transition,11,PISE,3,6,A,
PP,Transition,11,PISE,2.5,5,A,
PP,Transition,11,PISE,1,3,A,
PP,Transition,11,PISE,3.5,5,A,
PP,Transition,11,PISE,1.2,3,D,
PP,Transition,11,PISE,1.5,3,A,
PP,Transition,11,PISE,1.5,2,D,
PP,Transition,11,PISE,2.7,4,A,
PP,Transition,11,PISE,4.5,7,A,
PP,Transition,11,PISE,2.6,4,A,
PP,Transition,11,PISE,1.2,3,D,
PP,Transition,11,MYCE,1,3,A,
PP,Transition,11,MYCE,1,3,A,
PP,Transition,11,PISE,1.2,3,A,
PP,Transition,11,PISE,2,3,A,
PP,Transition,11,PISE,2,3,A,
PP,Transition,11,PISE,3,4,A,
PP,Transition,11,MYCE,1,4,A,
PP,Transition,11,PISE,2.5,5,A,
PP,Transition,11,PISE,2.1,4,A,
PP,Transition,11,PISE,2.5,4,A,
PP,Transition,11,PISE,1,3,A,
PP,Transition,11,ACRU,1,4,A,
PP,Transition,11,PISE,1,2,D,
PP,Transition,11,PISE,1.1,3,A,
PP,Transition,11,PISE,2.8,4,A,
PP,Transition,11,PISE,2,4,A,
PP,Transition,11,PISE,2.5,4,A,
PP,Transition,11,PISE,2,4,A,
PP,Transition,11,PISE,2.5,5,A,
PP,Transition,11,PISE,3.9,5,A,
PP,Transition,11,PISE,1.2,4,A,
PP,Transition,11,MYCE,1,4,A,
PP,Transition,11,MYCE,1.3,4,A,
PP,Transition,11,MYCE,1.3,4,A,
PP,Transition,11,MYCE,1.2,4,A,
PP,Transition,11,MYCE,1,4,A,
PP,Transition,11,MYCE,1.3,4,A,
PP,Transition,11,MYCE,1.2,4,A,
PP,Transition,11,PISE,1.4,3,A,
PP,Transition,11,PISE,2,4,A,
PP,Transition,11,PISE,2.5,4,A,
PP,Transition,11,PISE,3.8,5,A,
PP,Transition,11,MYCE,1,3,A,
PP,Transition,11,MYCE,1,3,A,
PP,Transition,11,MYCE,1,3,A,
PP,Transition,11,MYCE,1,3,A,
PP,Transition,11,PISE,1.5,3.5,A,
PP,Transition,11,MYCE,1,3,A,
PP,Transition,11,NYBI,2.8,4,A,
PP,Transition,11,NYBI,1.5,4,A,
PP,Transition,11,PISE,1,4,A,
PP,Transition,11,PISE,2.5,2,D,
PP,Transition,11,PISE,3,2,D,
PP,Transition,11,PISE,1,3,A,
PP,Transition,11,PISE,3,5,A,
PP,Transition,11,PISE,2.8,5,A,
PP,Transition,11,PISE,1.6,3,A,
PP,Transition,11,PISE,1.6,4,A,
PP,Transition,11,PISE,3,4,A,
PP,Transition,11,MYCE,1.5,4,A,
PP,Transition,11,MYCE,1.5,4,A,
PP,Transition,11,MYCE,1,4,A,
PP,Transition,11,MYCE,1,4,A,
PP,Transition,11,MYCE,1.6,4,A,
PP,Transition,11,PISE,2.5,4,D,
PP,Transition,11,PISE,1.2,3,A,
PP,Transition,11,PISE,2.5,4,A,
PP,Transition,11,PISE,1.2,3,A,
PP,Transition,11,PISE,2,4,A,
PP,Transition,10,MYCE,1.2,3,A,
PP,Transition,10,MYCE,1,3,A,
PP,Transition,10,MYCE,1.8,4,A,
PP,Transition,10,MYCE,1,3,A,
PP,Transition,10,MYCE,1.5,4,A,
PP,Transition,10,MYCE,1,3,D,
PP,Transition,10,PISE,2.2,5,A,
PP,Transition,10,PISE,3,5,A,
PP,Transition,10,PISE,1,3,A,
PP,Transition,10,MYCE,2,5,A,
PP,Transition,10,PISE,1.5,3,A,
PP,Transition,10,PISE,2.4,5,A,
PP,Transition,10,PISE,2.4,5,A,
PP,Transition,10,PISE,3,5,A,
PP,Transition,10,NYBI,1,4,A,
PP,Transition,10,PISE,1.5,5,A,
PP,Transition,10,PISE,1.3,4,A,
PP,Transition,10,PISE,1,3,A,
PP,Transition,10,PISE,5,6,A,
PP,Transition,10,PISE,2.5,4,A,
PP,Transition,10,MYCE,1,3,A,
PP,Transition,10,MYCE,1.2,4,A,
PP,Transition,10,PISE,4,5,A,
PP,Transition,10,ACRU,1,4,A,
PP,Transition,10,PEPA,1,3,A,
PP,Transition,10,PEPA,1,3,A,
PP,Transition,10,PISE,2,4,A,
PP,Transition,10,PISE,4.3,6,A,
PP,Transition,10,MYCE,1,4,A,
PP,Transition,10,PISE,2.9,4,A,
PP,Transition,10,MYCE,1.5,4,A,
PP,Transition,10,MYCE,2.3,4,A,
PP,Transition,10,MYCE,1,3,A,
PP,Transition,10,PISE,4.5,5,A,
PP,Transition,10,PISE,2.2,4,A,
PP,Transition,10,PISE,1.9,3,A,
PP,Transition,10,PISE,1.9,2,D,
PP,Transition,10,MYCE,1,3,A,
PP,Transition,10,PISE,2.2,4,A,
PP,Transition,10,PISE,1,3,D,
PP,Transition,10,PISE,2,5,A,
PP,Transition,10,MYCE,1.5,3,A,
PP,Transition,10,MYCE,1.5,3,A,
PP,Transition,10,MYCE,1.8,3,A,
PP,Transition,10,MYCE,1,3,A,
PP,Transition,10,MYCE,2.1,4,A,
PP,Transition,10,MYCE,2,4,A,
PP,Transition,10,MYCE,1,3,A,
PP,Transition,10,MYCE,1,3,A,
PP,Transition,10,PISE,1,2,D,
PP,Transition,10,PISE,1.7,5,D,
PP,Transition,10,PISE,3.3,3,D,
PP,Transition,10,PISE,2.5,2,D,
PP,Transition,10,MYCE,1,2,D,
PP,Transition,10,MYCE,2.5,4,A,
PP,Transition,10,MYCE,1.8,3,A,
PP,Transition,10,MYCE,2,4,A,
PP,Transition,10,MYCE,1,4,A,
PP,Transition,10,MYCE,2,4,A,
PP,Transition,10,MYCE,1,4,A,
PP,Transition,10,MYCE,1,3,A,
PP,Transition,10,UNKN,1,3,D,
PP,Transition,10,PISE,1.8,4,A,
PP,Transition,10,PISE,2,5,A,
PP,Transition,10,PISE,2,5,A,
PP,Transition,10,ACRU,1,5,A,
PP,Transition,10,PISE,1,2,D,
PP,Transition,10,MYCE,2,4,A,
PP,Transition,10,MYCE,1,3,A,
PP,Transition,10,MYCE,1,3,A,
PP,Transition,10,ACRU,1,4,D,
PP,Transition,10,PISE,4.5,6,A,
PP,Transition,10,PISE,3,5,A,
PP,Transition,10,MYCE,1.7,3,A,
PP,Transition,10,MYCE,1.5,3,A,
PP,Transition,10,MYCE,1.4,3,A,
PP,Transition,10,MYCE,1,3,A,
PP,Transition,10,MYCE,2.2,4,A,
PP,Transition,10,PISE,2,4,A,
PP,Transition,10,PISE,2.5,5,A,
PP,Transition,10,ACRU,1,3,A,
PP,Transition,10,PISE,1.2,3,A,
PP,Transition,10,PISE,2,4,A,
PP,Transition,10,MYCE,1,3,A,
PP,Transition,10,PISE,3.5,6,A,
PP,Transition,10,PISE,2.5,5,A,
PP,Transition,10,PISE,4,6,A,
PP,Transition,10,MYCE,1.5,4,A,
PP,Transition,10,MYCE,1.2,4,A,
PP,Transition,10,MYCE,1,4,A,
PP,Transition,10,MYCE,1,4,A,
PP,Transition,10,MYCE,1.5,4,A,
PP,Transition,10,MYCE,1.5,4,A,
PP,Transition,10,PISE,1.9,5,A,
PP,Transition,10,MYCE,2,5,A,
PP,Transition,10,MYCE,1.1,4,A,
PP,Transition,10,MYCE,1,4,A,
PP,Transition,10,PISE,4,6,A,
PP,Transition,10,MYCE,1,4,A,
PP,Transition,10,MYCE,1,4,A,
PP,Transition,10,MYCE,1,5,A,
PP,Transition,10,PISE,2,5,A,
PP,Transition,10,PISE,1.5,2,D,
PP,Transition,10,ACRU,1.3,3,A,
PP,Transition,10,PISE,3,5,A,
PP,Transition,10,PISE,2.2,3,A,
PP,Transition,10,PISE,2.3,5,A,
PP,Transition,10,MYCE,2,3,A,
PP,Transition,10,MYCE,1.5,4,A,
PP,Transition,10,MYCE,1.8,4,A,
PP,Transition,10,PISE,3.5,5,A,
PP,Transition,10,PISE,3.5,6,A,
PP,Transition,10,MYCE,1.5,4,A,
PP,Transition,10,PISE,3,6,A,
PP,Transition,10,PISE,3.1,5,A,
PP,Transition,10,PISE,3,5,A,
PP,Transition,10,PISE,2.6,5,A,
PP,Transition,10,MYCE,1.5,4,A,
PP,Transition,10,PISE,1.4,4,D,
PP,Transition,10,LIST,1,4,A,
PP,Transition,10,PISE,4.3,5,A,
PP,Transition,10,MYCE,1.2,5,A,
PP,Transition,10,PISE,2,5,A,
PP,Transition,10,PISE,2.4,5,A,
PP,Transition,10,PISE,1.5,4,A,
PP,Transition,10,PISE,1,4,A,
PP,Transition,10,PISE,2.8,4,A,
PP,Transition,10,MYCE,2,3,A,
PP,Transition,10,MYCE,1.5,3,A,
PP,Transition,10,PISE,4.5,5,A,
PP,Transition,10,PISE,1.5,2.5,D,
PP,Transition,10,PISE,2.2,2,D,
PP,Transition,10,PISE,3,4,A,
PP,Transition,10,PISE,2.1,2,D,
PP,Transition,10,PISE,2,4,D,
PP,Transition,10,PISE,1,3,A,
PP,Transition,10,MYCE,1,3,A,
PP,Transition,10,MYCE,3,5,A,
PP,Transition,10,MYCE,1,3,A,
PP,Transition,10,MYCE,2,4,A,
PP,Transition,10,MYCE,1.5,4,A,
PP,Transition,10,PISE,6,6,A,
PP,Transition,10,PISE,3,4,A,
PP,Transition,10,PISE,1,3,A,
PP,Transition,10,PISE,3,5,A,
PP,Transition,10,PISE,2,4,A,
PP,Transition,10,PISE,2,4,A,
PP,Transition,10,PISE,1,4,A,
PP,Transition,10,MYCE,1.5,3,A,
PP,Transition,10,MYCE,1,3,A,
PP,Transition,10,MYCE,2,5,A,
PP,Transition,10,PISE,2.5,5,A,
PP,Transition,10,PISE,1,3,A,
PP,Transition,10,PISE,2.5,2,D,
PP,Transition,10,PISE,2,5,A,
PP,Transition,10,PISE,5.1,5,A,
PP,Transition,10,PISE,3.5,5,A,
PP,Transition,10,MYCE,1,3,A,
PP,Transition,10,PISE,1.2,2,D,
PP,Transition,10,PISE,3,4,A,
PP,Transition,10,MYCE,1.8,3,A,
PP,Transition,10,MYCE,1,3,A,
SQ,Transition,7,NA,,,,
SQ,Marsh,5,NA,,,,
SQ,Marsh,4,PINE,6,3.5,D,
SQ,Marsh,1,UNKNown,4.3,2,D,
SQ,Marsh,1,UNKNown,2.1,2,D,
SW,Forest,5,PISE,8.2,15,D,
SW,Forest,5,PISE,4.8,4,D,
SW,Forest,5,PISE,6,5,D,
SW,Forest,5,PISE,7.4,11,D,
SW,Forest,5,PISE,9.8,11,D,
SW,Forest,7,PISE,12.3,17,A,
SW,Forest,7,PEPA,1,4,A,
SW,Forest,7,MYCE,1,4,A,
SW,Forest,7,MYCE,1.3,4,A,
SW,Forest,7,MYCE,1,3,A,
SW,Forest,7,ILDP,1,3,A,
SW,Forest,7,PISE,1,3,A,
SW,Forest,7,MYCE,1,4,A,
SW,Forest,7,PISE,1,3,D,
SW,Forest,7,MYCE,1,4,D,
SW,Forest,7,MYCE,1.5,4,A,
SW,Forest,7,MYCE,1,4,A,
SW,Forest,7,MYCE,2,4,A,
SW,Forest,7,PISE,2.6,4,A,
SW,Forest,7,MYCE,2.5,5,D,
SW,Forest,7,MYCE,1,4,D,
SW,Forest,7,MYCE,1.5,4,D,
SW,Forest,7,MYCE,1,4,D,
SW,Forest,7,PISE,10.5,21,A,
SW,Forest,7,MYCE,1.5,3,A,
SW,Forest,7,MYCE,1.5,4,A,
SW,Forest,7,MYCE,2,4,A,
SW,Forest,7,MYCE,1,4,A,
SW,Forest,7,MYCE,1,4,D,
SW,Forest,7,MYCE,1.5,4,D,
SW,Forest,7,MYCE,1.5,5,A,
SW,Forest,7,MYCE,1,4,A,
SW,Forest,7,MYCE,1.5,4,A,
SW,Forest,7,PISE,2.2,5,A,
SW,Forest,7,PISE,2.7,4,A,
SW,Forest,7,MYCE,1.8,4,A,
SW,Forest,7,MYCE,1,4,D,
SW,Forest,7,MYCE,1.5,4,D,
SW,Forest,7,PISE,1,3,D,
SW,Forest,7,MYCE,1.3,4,A,
SW,Forest,7,MYCE,1.3,3,A,
SW,Forest,7,MYCE,1.5,4,A,
SW,Forest,7,MYCE,1,3,A,
SW,Forest,7,MYCE,1.5,5,A,
SW,Forest,7,PISE,8.5,13,A,
SW,Forest,7,PISE,9,3,D,
SW,Forest,7,PISE,9,15,A,
SW,Forest,7,PISE,9,16,A,
SW,Forest,7,PISE,9.1,18,A,
SW,Forest,7,PISE,11.8,20,A,
SW,Forest,7,PISE,4.6,6,A,
SW,Forest,7,PISE,14,16,A,
SW,Forest,7,PISE,1.2,4,D,
SW,Forest,7,MYCE,2,5,A,
SW,Forest,3,PISE,8.7,14,A,
SW,Forest,3,PISE,4.7,6,D,
SW,Forest,3,PISE,6.5,6,D,
SW,Forest,3,PISE,3.5,4,D,
SW,Forest,3,PISE,7.5,13,A,
SW,Forest,3,PISE,8.5,8,D,
SW,Forest,3,PISE,5.6,14,D,
SW,Forest,3,PISE,2.5,5,D,
SW,Forest,3,PISE,6,3,D,
SW,Forest,3,PISE,9.9,17,A,
SW,Forest,3,PISE,7.1,12,A,
SW,Forest,3,PISE,6,11,A,
SW,Forest,3,PISE,7.8,13,A,
SW,Forest,3,PISE,6,14,A,
SW,Forest,3,PISE,6.5,15,A,
SW,Forest,3,MYCE,1.8,4,A,
SW,Forest,3,MYCE,1.1,3,A,
SW,Forest,3,MYCE,1,3,A,
SW,Forest,3,PISE,8,12,D,
SW,Forest,3,PISE,7.6,10,D,
SW,Forest,3,PISE,5.5,11,A,
SW,Forest,3,PISE,8.5,12,A,
SW,Forest,3,PISE,8.2,12,A,
SW,Forest,3,PISE,4.6,7,A,
SW,Forest,3,QUVI,6.2,6,A,
SW,Forest,3,PISE,4.2,6,A,
SW,Forest,4,PISE,1.8,3,D,
SW,Forest,4,UNKN,1.5,2,D,
SW,Forest,4,PISE,5,4,D,
SW,Forest,4,PISE,1.8,3,A,
SW,Forest,4,MYCE,1,4,A,
SW,Forest,4,MYCE,1,4,A,
SW,Forest,4,UNKN,3.7,7,D,
SW,Forest,4,MYCE,1.8,3,A,
SW,Forest,4,MYCE,2.6,4,D,
SW,Forest,4,MYCE,1,3,A,
SW,Forest,4,MYCE,1.6,4,A,
SW,Forest,4,PISE,1,3,A,
SW,Forest,4,PISE,9.7,20,A,
SW,Forest,4,PISE,5.4,11,A,
SW,Forest,4,MYCE,2.7,5,A,
SW,Forest,4,NYBI,2,4,A,
SW,Forest,4,PISE,11.2,18,D,
SW,Forest,4,MYCE,1.5,3,A,
SW,Forest,4,MYCE,1.5,3,A,
SW,Forest,4,MYCE,1.5,3,A,
SW,Forest,4,PISE,12.8,20,A,
SW,Forest,4,MYCE,2.2,4,D,
SW,Forest,4,PISE,10.7,18,D,
SW,Forest,4,PISE,2.5,5,D,
SW,Forest,4,PISE,2,4,D,
SW,Forest,4,PISE,14.2,21,A,
SW,Forest,4,MYCE,1,4,A,
SW,Forest,4,MYCE,1,4,D,
SW,Forest,4,MYCE,1,4,A,
SW,Forest,4,MYCE,1.2,4,D,
SW,Forest,4,MYCE,1,4,D,
SW,Forest,4,PISE,15.3,22,A,
SW,Forest,4,PISE,8.8,17,D,
SW,Forest,4,MYCE,2.3,5,A,
SW,Forest,4,MYCE,1,4,D,
SW,Forest,4,MYCE,2,5,A,
SW,Forest,4,PISE,8.9,19,A,
SW,Forest,4,MYCE,1,3,D,
SW,Forest,4,MYCE,3.4,5,A,
SW,Forest,4,MYCE,1.2,3,A,
SW,Forest,4,MYCE,1,4,A,
SW,Forest,4,MYCE,2,5,A,
SW,Forest,4,MYCE,1.8,5,A,
SW,Forest,4,MYCE,2,5,A,
SW,Forest,4,PISE,10.7,16,D,
SW,Forest,4,QUVI,5,5,A,
SW,Forest,4,PISE,18.1,19,A,Flat Topped
SW,Forest,4,PISE,7.1,11,A,
SW,Forest,2,PISE,6,7,A,
SW,Forest,2,PISE,7.5,10,A,
SW,Forest,2,PISE,10.2,13,A,
SW,Forest,2,PISE,8,11,A,
SW,Forest,2,NYBI,4.2,5,A,
SW,Forest,2,MYCE,1,4,A,
SW,Forest,2,MYCE,1,4,A,
SW,Forest,2,MYCE,1,4,A,
SW,Forest,2,MYCE,1,4,A,
SW,Forest,2,NYBI,6,6,A,
SW,Forest,2,PISE,11.5,13,A,
SW,Forest,2,PISE,7.1,12,A,
SW,Forest,2,MYCE,1,2.5,A,
SW,Forest,2,MYCE,1,2.5,A,
SW,Forest,2,MYCE,1,3,A,
SW,Forest,2,PISE,6.5,12,A,
SW,Forest,2,NYBI,5.2,7,A,
SW,Forest,2,PISE,8.2,3,A,
SW,Forest,2,PISE,6.4,10,A,
SW,Forest,2,PISE,7.4,13,A,
SW,Forest,2,PISE,12.9,15,A,
SW,Forest,2,PISE,10.2,16,A,
SW,Forest,2,MYCE,1,3,A,
SW,Forest,2,PISE,8.5,16,A,
SW,Forest,2,PISE,9.5,14,D,
SW,Forest,2,PISE,5.6,9,D,
SW,Forest,2,PISE,5.5,8,A,
SW,Forest,2,PISE,7.2,17,A,
SW,Forest,2,MYCE,1,3,A,
SW,Forest,2,PISE,3,4,A,
SW,Forest,2,PISE,6.2,14,A,
SW,Forest,2,PISE,7.1,13,A,
SW,Forest,2,PISE,5.2,6,A,
SW,Forest,2,PISE,7.5,18,A,
SW,Forest,2,PISE,9.4,19,A,
SW,Transition,2,UNKN,1.8,2.5,D,
SW,Transition,2,UNKN,1,1.8,D,
SW,Transition,4,PINE,6.4,2.5,D,
SW,Transition,5,NONE,,,,
LS,Marsh,5,NONE,,,,
LS,Marsh,1,NONE,,,,
LS,Marsh,2,UNKN,2,1.5,D,
LS,Marsh,2,UNKN,1.7,1.7,D,
LS,Transition,2,NONE,,,,
LS,Forest,5,UNKN,1.6,3,D,
LS,Forest,5,UNKN,1,2,D,
LS,Forest,5,PINE,4.1,2,D,
LS,Forest,5,PINE,5.8,6,D,
LS,Forest,5,PINE,3.1,1.8,D,
LS,Transition,6,NONE,,,,
LS,Transition,6,PINE,1.9,3,D,
LS,Transition,6,PINE,4.1,5,D,
LS,Transition,6,PINE,2.6,2,D,
LS,Transition,6,PINE,4.8,5,D,
LS,Transition,6,PINE,1,2,D,
LS,Transition,3,NONE,,,,
LS,Transition,5,NONE,,,,
LS,Transition,1,NONE,,,,
SW,Forest,1,PITA,11.2,17,A,
SW,Forest,1,PITA,8.5,18,A,
SW,Forest,1,PITA,11.2,16,A,
SW,Forest,1,PITA,9,15,A,
SW,Forest,1,PITA,1.2,3,A,
SW,Forest,1,PITA,3.4,6,A,
SW,Forest,1,PITA,6.7,9,A,
SW,Forest,1,PITA,8.3,15,A,
SW,Forest,1,PITA,1,4,A,
SW,Forest,1,PITA,9.3,15,A,
SW,Forest,1,PITA,3.6,3,D,
SW,Forest,1,PITA,6.1,12,A,
SW,Forest,1,PITA,6.2,11,D,
SW,Forest,1,PITA,10,15,A,
SW,Forest,1,UNKN,2.2,3,D,
SW,Forest,1,PITA,10.7,16,A,
SW,Forest,1,UNKN,2.1,2,D,
SW,Forest,1,PITA,7.6,5,D,
SW,Forest,1,UNKN,2.8,2,D,
SW,Forest,1,PITA,7.5,15,D,
SW,Forest,1,PITA,5,2,D,
SW,Forest,1,PITA,6.5,13,A,
SW,Forest,1,PITA,8.1,17,A,
SW,Forest,1,PITA,7.5,15,A,
SW,Forest,1,PITA,7,15,A,
SW,Forest,1,PITA,7.8,16,A,
SW,Forest,1,PITA,9.7,16,A,
SW,Forest,1,PITA,11.9,17,A,
SW,Forest,6,PITA,8.1,16,A,
SW,Forest,6,MYCE,1,3,D,
SW,Forest,6,MYCE,1,3,A,
SW,Forest,6,MYCE,1.3,3,D,
SW,Forest,6,MYCE,1,3,D,
SW,Forest,6,PINE,6.6,3,D,
SW,Forest,6,UNKN,3.7,3,D,
SW,Forest,6,PITA,10.2,14,A,
SW,Forest,6,PITA,2.3,4,A,
SW,Forest,6,PITA,2.3,4,A,
SW,Forest,6,PITA,1,3,A,
SW,Forest,6,PITA,2,4,A,
SW,Forest,6,PITA,2,3,D,
SW,Forest,6,PITA,1,3,D,
SW,Forest,6,PITA,8.1,15,A,
SW,Forest,6,MYCE,1,3,D,
SW,Forest,6,PITA,8,16,A,
SW,Forest,6,MYCE,1.5,3,D,
SW,Forest,6,MYCE,1.4,3,D,
SW,Forest,6,MYCE,1.5,4,A,
SW,Forest,6,MYCE,2,4,A,
SW,Forest,6,MYCE,1.8,4,D,
SW,Forest,6,MYCE,2,4,D,
SW,Forest,6,UNKN,2,2,D,
SW,Forest,6,PITA,8.2,14,A,
SW,Forest,6,PITA,10.5,14,A,
SW,Forest,6,PITA,1,3,A,
SW,Forest,6,MYCE,1,3,A,
SW,Forest,6,PITA,1,3,D,
SW,Forest,6,PITA,2.5,4,A,
SW,Forest,6,PITA,2.1,4,A,
SW,Forest,6,MYCE,1.4,3,D,
SW,Forest,6,MYCE,1,3,D,
SW,Forest,6,MYCE,2,4,D,
SW,Forest,6,MYCE,2.3,5,D,
SW,Forest,6,MYCE,2.1,4,A,
SW,Forest,6,PITA,2,4,D,
SW,Forest,6,PINE,9.5,2,D,
SW,Forest,6,MYCE,1,3,D,
SW,Forest,6,MYCE,1,3,A,
SW,Forest,6,MYCE,1,3,A,
SW,Forest,6,PITA,9.6,16,A,
SW,Forest,6,MYCE,1.5,3,A,
SW,Forest,6,MYCE,1.5,3,A,
SW,Forest,6,MYCE,1.5,3,A,
SW,Forest,6,MYCE,2,5,A,
SW,Forest,6,PITA ,9.4,17,A,
SW,Forest,6,PINE,4.5,2,D,
SW,Forest,6,MYCE,1.5,4,A,
SW,Forest,6,MYCE,1.5,4,A,
SW,Forest,6,MYCE,1.8,4,A,
SW,Forest,6,PITA,1.2,3,D,
SW,Forest,6,PITA,2.6,5,A,
SW,Forest,6,PITA,3,5,A,
SW,Forest,6,PITA,2.9,4,A,
SW,Forest,6,PITA,3,4,A,
SW,Forest,6,PITA,3.2,5,D,
SW,Forest,6,MYCE,1.6,3,A,
SW,Forest,6,MYCE,1.4,3,D,
SW,Forest,6,UNKN,5.5,2,D,
SW,Forest,6,PITA,1,4,A,
SW,Forest,6,PITA,1,4,A,
SW,Forest,6,PITA,8.7,2,D,
SW,Forest,6,PITA,1.4,4,A,
SW,Forest,6,MYCE,1.5,3,A,
SW,Forest,6,MYCE,2,4,D,
SW,Forest,6,PITA,5.3,11,A,
SW,Forest,6,PITA,6,12,A,
SW,Forest,6,MYCE,2,4,D,
SW,Forest,6,PITA,6.9,9,A,
SW,Forest,6,MYCE,2,3,A,
SW,Forest,6,MYCE,1,3,A,
LS,Forest,7,UNKN,3.5,2.5,D,
LS,Forest,7,UNKN,3.5,2,D,
LS,Forest,7,PINE,2.4,2,D,
LS,Forest,7,PINE,2.2,3.5,D,
LS,Forest,7,PINE,8.5,7,D,
LS,Forest,7,PINE,5,2,D,
LS,Forest,7,UNKN,3.9,2.5,D,
LS,Forest,7,UNKN,2.3,2,D,
LS,Forest,7,UNKN,2.6,2.5,D,
LS,Forest,7,PINE,3,4,D,
LS,Forest,7,PINE,3.9,2,D,
LS,Forest,2,PINE,1,2.5,D,
LS,Forest,2,PINE,5.1,4,D,
LS,Forest,2,PINE,3.5,2,D,
LS,Forest,2,PINE,4.5,3,D,
LS,Forest,2,PINE,3.2,2,D,
LS,Forest,2,PINE,4,4,D,
LS,Forest,2,PINE,3,2,D,
LS,Forest,2,PINE,2.8,2,D,
LS,Forest,2,PINE,2.8,3,D,
LS,Forest,2,PINE,4,4,D,
LS,Forest,2,PINE,3.9,3,D,
LS,Forest,2,PINE,2.8,3,D,
LS,Forest,2,PINE,4,5,D,
LS,Forest,2,PINE,4.2,2,D,
LS,Forest,2,PINE,3.8,2,D,
LS,Forest,2,PINE,3,2,D,
LS,Forest,2,PINE,4,2,D,
LS,Forest,3,PINE,2.5,3,D,
LS,Forest,3,UNKN,2.6,2,D,
LS,Forest,3,UNKN,6.5,4,D,
LS,Forest,3,UNKN,5.5,3,D,
LS,Forest,3,PINE,7,4,D,
LS,Forest,3,PINE,2,3,D,
LS,Forest,3,PINE,2.9,3,D,
LS,Forest,3,PINE,2.5,3,D,
LS,Forest,3,PINE,2.3,2,D,
LS,Forest,3,PINE,3,2,D,
LS,Forest,4,PINE,1.5,3.5,D,
LS,Forest,4,PINE,1.3,2,D,
LS,Forest,4,UNKN,2.2,1.8,D,
LS,Forest,4,PINE,3.5,3,D,
LS,Forest,4,PINE,1,2,D,
LS,Forest,4,PINE,1.2,2,D,
LS,Forest,4,PINE,3.3,4,D,
LS,Forest,4,PINE,3.8,3,D,
LS,Forest,4,PINE,2.5,2,D,
LS,Forest,4,PINE,2,4,A,
LS,Forest,4,PINE,3.3,3,D,
LS,Forest,4,PINE,1,2,D,
LS,Forest,4,PINE,1,2,D,
LS,Forest,4,PINE,1.6,3,D,
LS,Forest,1,PINE,5.6,2,D,
LS,Forest,1,PINE,3.8,4,D,
LS,Forest,1,PINE,3,2.5,D,
LS,Forest,1,PINE,1.2,2,D,
LS,Forest,1,PINE,1.2,3,D,
LS,Forest,1,PINE,2.2,1.6,D,
LS,Forest,1,PINE,3,2.5,D,
LS,Forest,1,PINE,3.1,5,D,
LS,Forest,1,PINE,1,4,D,
LS,Forest,1,PINE,2.6,5,D,
LS,Forest,1,PINE,1.5,3,D,
SW,Transition,6,PINE,12.8,2,D,
SW,Transition,6,PINE,2,2,D,
SW,Transition,3,PINE,7.3,2.5,D,
SW,Transition,3,PINE,9.2,7,D,
SW,Transition,3,TADI,2.5,6,D,
SW,Transition,1,PINE,3.3,2,D,
SW,Transition,1,UNKN,3.5,2,D,
SW,Marsh,1,PINE,4.6,2,D,
SW,Marsh,1,UNKN,1.5,1.8,D,
SW,Marsh,6,NONE,,,,
SW,Marsh,3,UNKN,1.5,2,D,
SW,Marsh,2,NONE,,,,
SW,Marsh,7,NONE,,,,
LS,Forest,6,PINE,3.1,2.5,D,
LS,Forest,6,MYCE,1.1,3,D,
GR,Marsh,1,NONE,,,,
LS,Marsh,4,NONE,,,,
LS,Marsh,7,NONE,,,,
LS,Marsh,3,NONE,,,,
LS,Marsh,6,NONE,,,,
LS,Transition,4,NONE,,,,
LS,Transition,7,NONE,,,,
MA,Transition,4,NONE,,,,
