Cov.ID,Cov.Site.Comm.ID,Cover.Site,Cover.Community,Cover.Plot.ID,Cover.Sub.Plot.Number,Cover.Strata,Cover.Species,Cover.Percent,
1,1,Gull.Rock,Forest,2,1,overstory,PITA,50,
1,1,Gull.Rock,Forest,2,1,understory,ACRU,20,
1,1,Gull.Rock,Forest,2,1,understory,DWD,15,
1,1,Gull.Rock,Forest,2,1,understory,ILGL,40,
1,1,Gull.Rock,Forest,2,1,understory,MYCE,20,
1,1,Gull.Rock,Forest,2,1,understory,SMLA,15,
1,1,Gull.Rock,Forest,2,2,overstory,PEPA,40,
1,1,Gull.Rock,Forest,2,2,understory,DWD,30,
1,1,Gull.Rock,Forest,2,2,understory,ILGL,40,
1,1,Gull.Rock,Forest,2,2,understory,LYLU,20,
1,1,Gull.Rock,Forest,2,2,understory,MYCE,20,
1,1,Gull.Rock,Forest,2,3,understory,MYCE,5,
1,1,Gull.Rock,Forest,2,3,understory,OSRE,60,
1,1,Gull.Rock,Forest,2,3,understory,PEPA,70,
1,1,Gull.Rock,Forest,2,4,overstory,PEPA,10,
1,1,Gull.Rock,Forest,2,4,overstory,PITA,10,
1,1,Gull.Rock,Forest,2,4,understory,ARGI,10,
1,1,Gull.Rock,Forest,2,4,understory,MYCE,5,
1,1,Gull.Rock,Forest,2,4,understory,OSRE,80,
1,1,Gull.Rock,Forest,2,5,overstory,PEPA,10,
1,1,Gull.Rock,Forest,2,5,overstory,MAVI,20,
1,1,Gull.Rock,Forest,2,5,understory,ACRU,20,
1,1,Gull.Rock,Forest,2,5,understory,DWD,60,
1,1,Gull.Rock,Forest,2,5,understory,ILGL,10,
1,1,Gull.Rock,Forest,2,5,understory,MYCE,20,
1,1,Gull.Rock,Forest,2,5,understory,OSRE,30,
2,1,Gull.Rock,Forest,4,1,overstory,ACRU,40,
2,1,Gull.Rock,Forest,4,1,overstory,ILGL,20,
2,1,Gull.Rock,Forest,4,1,understory,ARGI,30,
2,1,Gull.Rock,Forest,4,1,understory,LYLU,50,
2,1,Gull.Rock,Forest,4,2,understory,ANVI,70,
2,1,Gull.Rock,Forest,4,2,understory,ARGI,10,
2,1,Gull.Rock,Forest,4,2,understory,ILGL,20,
2,1,Gull.Rock,Forest,4,3,understory,ANVI,10,
2,1,Gull.Rock,Forest,4,3,understory,ARGI,40,
2,1,Gull.Rock,Forest,4,3,understory,MYCE,5,
2,1,Gull.Rock,Forest,4,3,understory,PEPA,20,
2,1,Gull.Rock,Forest,4,4,overstory,PITA,10,
2,1,Gull.Rock,Forest,4,4,understory,water,100,
2,1,Gull.Rock,Forest,4,5,overstory,MYCE,5,
2,1,Gull.Rock,Forest,4,5,overstory,PEPA,5,
2,1,Gull.Rock,Forest,4,5,understory,ILGL,30,
2,1,Gull.Rock,Forest,4,5,understory,MYCE,20,
2,1,Gull.Rock,Forest,4,5,understory,PITA,30,
3,1,Gull.Rock,Forest,6,1,overstory,PEPA,10,
3,1,Gull.Rock,Forest,6,1,overstory,PITA,40,
3,1,Gull.Rock,Forest,6,1,understory,DWD,50,
3,1,Gull.Rock,Forest,6,1,understory,ILGL,15,
3,1,Gull.Rock,Forest,6,1,understory,PEPA,10,
3,1,Gull.Rock,Forest,6,2,overstory,PEPA,30,
3,1,Gull.Rock,Forest,6,2,overstory,PITA,40,
3,1,Gull.Rock,Forest,6,2,understory,ARGI,15,
3,1,Gull.Rock,Forest,6,2,understory,ILGL,30,
3,1,Gull.Rock,Forest,6,2,understory,LYLU,40,
3,1,Gull.Rock,Forest,6,3,overstory,PEPA,60,
3,1,Gull.Rock,Forest,6,3,understory,ARGI,10,
3,1,Gull.Rock,Forest,6,3,understory,ILGL,30,
3,1,Gull.Rock,Forest,6,3,understory,PEPA,20,
3,1,Gull.Rock,Forest,6,4,overstory,ILGL,30,
3,1,Gull.Rock,Forest,6,4,overstory,MYCE,20,
3,1,Gull.Rock,Forest,6,4,understory,MYCE,35,
3,1,Gull.Rock,Forest,6,4,understory,SMHI,5,
3,1,Gull.Rock,Forest,6,4,understory,water,50,
3,1,Gull.Rock,Forest,6,5,overstory,SMGL,30,
3,1,Gull.Rock,Forest,6,5,overstory,SMLA,50,
3,1,Gull.Rock,Forest,6,5,overstory,MAVI,20,
3,1,Gull.Rock,Forest,6,5,understory,ILGL,60,
3,1,Gull.Rock,Forest,6,5,understory,PEPA,20,
3,1,Gull.Rock,Forest,6,5,understory,MYHE,10,
4,1,Gull.Rock,Forest,10,1,overstory,PITA,60,
4,1,Gull.Rock,Forest,10,1,understory,DWD,30,
4,1,Gull.Rock,Forest,10,1,understory,MYCE,20,
4,1,Gull.Rock,Forest,10,2,overstory,MYCE,15,
4,1,Gull.Rock,Forest,10,2,overstory,PEPA,20,
4,1,Gull.Rock,Forest,10,2,understory,LYLU,20,
4,1,Gull.Rock,Forest,10,2,understory,MYCE,15,
4,1,Gull.Rock,Forest,10,3,overstory,ACRU,30,
4,1,Gull.Rock,Forest,10,3,overstory,PITA,40,
4,1,Gull.Rock,Forest,10,3,understory,ILGL,30,
4,1,Gull.Rock,Forest,10,3,understory,LYLU,15,
4,1,Gull.Rock,Forest,10,3,understory,MYCE,10,
4,1,Gull.Rock,Forest,10,3,understory,PEPA,40,
4,1,Gull.Rock,Forest,10,4,overstory,MYCE,10,
4,1,Gull.Rock,Forest,10,4,overstory,PEPA,50,
4,1,Gull.Rock,Forest,10,4,overstory,PITA,10,
4,1,Gull.Rock,Forest,10,4,understory,ACRU,10,
4,1,Gull.Rock,Forest,10,4,understory,LYLU,5,
4,1,Gull.Rock,Forest,10,4,understory,MYCE,30,
4,1,Gull.Rock,Forest,10,4,understory,PEPA,40,
4,1,Gull.Rock,Forest,10,5,overstory,PITA,5,
4,1,Gull.Rock,Forest,10,5,understory,ILGL,60,
4,1,Gull.Rock,Forest,10,5,understory,PEPA,10,
5,1,Gull.Rock,Forest,11,1,overstory,PITA,60,
5,1,Gull.Rock,Forest,11,1,understory,ANVI,10,
5,1,Gull.Rock,Forest,11,1,understory,ARGI,30,
5,1,Gull.Rock,Forest,11,1,understory,DWD,10,
5,1,Gull.Rock,Forest,11,1,understory,OSRE,40,
5,1,Gull.Rock,Forest,11,1,understory,SMLA,5,
5,1,Gull.Rock,Forest,11,2,overstory,PEPA,40,
5,1,Gull.Rock,Forest,11,2,understory,ANVI,10,
5,1,Gull.Rock,Forest,11,2,understory,ARGI,70,
5,1,Gull.Rock,Forest,11,2,understory,ILGL,10,
5,1,Gull.Rock,Forest,11,2,understory,MYCE,30,
5,1,Gull.Rock,Forest,11,3,understory,ARGI,5,
5,1,Gull.Rock,Forest,11,3,understory,ILGL,15,
5,1,Gull.Rock,Forest,11,4,overstory,PITA,15,
5,1,Gull.Rock,Forest,11,4,understory,ILGL,20,
5,1,Gull.Rock,Forest,11,4,understory,MYCE,40,
5,1,Gull.Rock,Forest,11,4,understory,OSRE,30,
5,1,Gull.Rock,Forest,11,5,understory,ANVI,10,
5,1,Gull.Rock,Forest,11,5,understory,ARGI,30,
5,1,Gull.Rock,Forest,11,5,understory,ILGL,40,
5,1,Gull.Rock,Forest,11,5,understory,OSRE,5,
5,1,Gull.Rock,Forest,11,5,understory,PEPA,20,
6,1,Gull.Rock,Forest,12,1,overstory,ACRU,10,
6,1,Gull.Rock,Forest,12,1,overstory,PITA,90,
6,1,Gull.Rock,Forest,12,1,understory,ARGI,20,
6,1,Gull.Rock,Forest,12,1,understory,DWD,20,
6,1,Gull.Rock,Forest,12,1,understory,MYCE,5,
6,1,Gull.Rock,Forest,12,1,understory,PEPA,5,
6,1,Gull.Rock,Forest,12,2,overstory,ACRU,50,
6,1,Gull.Rock,Forest,12,2,overstory,PITA,10,
6,1,Gull.Rock,Forest,12,2,understory,ARGI,40,
6,1,Gull.Rock,Forest,12,2,understory,DWD,10,
6,1,Gull.Rock,Forest,12,2,understory,PEPA,20,
6,1,Gull.Rock,Forest,12,3,overstory,PEPA,30,
6,1,Gull.Rock,Forest,12,3,overstory,PITA,5,
6,1,Gull.Rock,Forest,12,3,understory,ARGI,65,
6,1,Gull.Rock,Forest,12,3,understory,DWD,10,
6,1,Gull.Rock,Forest,12,3,understory,PEPA,10,
6,1,Gull.Rock,Forest,12,3,understory,VACC,5,
6,1,Gull.Rock,Forest,12,4,overstory,ACRU,30,
6,1,Gull.Rock,Forest,12,4,overstory,PITA,60,
6,1,Gull.Rock,Forest,12,4,understory,ARGI,40,
6,1,Gull.Rock,Forest,12,4,understory,OSRE,30,
6,1,Gull.Rock,Forest,12,5,overstory,ACRU,40,
6,1,Gull.Rock,Forest,12,5,overstory,PITA,50,
6,1,Gull.Rock,Forest,12,5,understory,ARGI,30,
6,1,Gull.Rock,Forest,12,5,understory,DWD,60,
7,1,Gull.Rock,Forest,13,1,overstory,PITA,80,
7,1,Gull.Rock,Forest,13,1,understory,ACRU,10,
7,1,Gull.Rock,Forest,13,1,understory,DWD,50,
7,1,Gull.Rock,Forest,13,1,understory,PEPA,5,
7,1,Gull.Rock,Forest,13,2,understory,DWD,50,
7,1,Gull.Rock,Forest,13,2,understory,ILGL,5,
7,1,Gull.Rock,Forest,13,2,understory,MYCE,10,
7,1,Gull.Rock,Forest,13,3,overstory,ACRU,80,
7,1,Gull.Rock,Forest,13,3,overstory,PITA,20,
7,1,Gull.Rock,Forest,13,3,understory,ARGI,30,
7,1,Gull.Rock,Forest,13,3,understory,DWD,5,
7,1,Gull.Rock,Forest,13,3,understory,PEPA,60,
7,1,Gull.Rock,Forest,13,4,overstory,PISE,50,
7,1,Gull.Rock,Forest,13,4,understory,ARGI,10,
7,1,Gull.Rock,Forest,13,4,understory,DWD,5,
7,1,Gull.Rock,Forest,13,4,understory,ILGL,5,
7,1,Gull.Rock,Forest,13,4,understory,MYCE,5,
7,1,Gull.Rock,Forest,13,4,understory,OSRE,15,
7,1,Gull.Rock,Forest,13,4,understory,PEPA,30,
7,1,Gull.Rock,Forest,13,4,understory,SMRO,5,
7,1,Gull.Rock,Forest,13,5,overstory,PEPA,20,
7,1,Gull.Rock,Forest,13,5,understory,ANVI,5,
7,1,Gull.Rock,Forest,13,5,understory,MYCE,5,
7,1,Gull.Rock,Forest,13,5,understory,OSRE,20,
7,1,Gull.Rock,Forest,13,5,understory,UNKGRASS,40,
8,2,Gull.Rock,Transition,1,1,understory,MYCE,5,
8,2,Gull.Rock,Transition,1,1,understory,PEPA,15,
8,2,Gull.Rock,Transition,1,1,understory,ROPA,5,
8,2,Gull.Rock,Transition,1,1,understory,wrack,70,
8,2,Gull.Rock,Transition,1,2,understory,wrack,100,
8,2,Gull.Rock,Transition,1,3,understory,ACRU,15,
8,2,Gull.Rock,Transition,1,3,understory,BAHA,20,
8,2,Gull.Rock,Transition,1,3,understory,MYCE,40,
8,2,Gull.Rock,Transition,1,3,understory,PITA,15,
8,2,Gull.Rock,Transition,1,4,understory,ANVI,15,
8,2,Gull.Rock,Transition,1,4,understory,MYCE,15,
8,2,Gull.Rock,Transition,1,4,understory,TYLA,15,
8,2,Gull.Rock,Transition,1,5,understory,PEPA,30,
8,2,Gull.Rock,Transition,1,5,understory,wrack,60,
9,2,Gull.Rock,Transition,3,1,understory,CLJA,15,
9,2,Gull.Rock,Transition,3,1,understory,DWD,15,
9,2,Gull.Rock,Transition,3,1,understory,ILGL,5,
9,2,Gull.Rock,Transition,3,1,understory,MYCE,15,
9,2,Gull.Rock,Transition,3,1,understory,OSRE,5,
9,2,Gull.Rock,Transition,3,1,understory,PEPA,5,
9,2,Gull.Rock,Transition,3,2,understory,ANVI,5,
9,2,Gull.Rock,Transition,3,2,understory,DWD,10,
9,2,Gull.Rock,Transition,3,2,understory,ILGL,20,
9,2,Gull.Rock,Transition,3,2,understory,MYCE,15,
9,2,Gull.Rock,Transition,3,2,understory,PEPA,10,
9,2,Gull.Rock,Transition,3,3,overstory,MYCE,5,
9,2,Gull.Rock,Transition,3,3,understory,ANVI,5,
9,2,Gull.Rock,Transition,3,3,understory,water,90,
9,2,Gull.Rock,Transition,3,4,understory,DWD,40,
9,2,Gull.Rock,Transition,3,4,understory,MYCE,30,
9,2,Gull.Rock,Transition,3,5,understory,ANVI,10,
9,2,Gull.Rock,Transition,3,5,understory,CLJA,20,
9,2,Gull.Rock,Transition,3,5,understory,MYCE,20,
9,2,Gull.Rock,Transition,3,5,understory,PITA,20,
10,2,Gull.Rock,Transition,4,1,understory,ANVI,20,
10,2,Gull.Rock,Transition,4,1,understory,DWD,15,
10,2,Gull.Rock,Transition,4,1,understory,MYCE,30,
10,2,Gull.Rock,Transition,4,2,understory,CLJA,50,
10,2,Gull.Rock,Transition,4,2,understory,water,50,
10,2,Gull.Rock,Transition,4,3,understory,ANVI,20,
10,2,Gull.Rock,Transition,4,3,understory,ARGI,15,
10,2,Gull.Rock,Transition,4,3,understory,DWD,10,
10,2,Gull.Rock,Transition,4,3,understory,PEPA,30,
10,2,Gull.Rock,Transition,4,4,understory,ANVI,20,
10,2,Gull.Rock,Transition,4,4,understory,CLJA,30,
10,2,Gull.Rock,Transition,4,4,understory,DWD,15,
10,2,Gull.Rock,Transition,4,4,understory,SPCY,20,
10,2,Gull.Rock,Transition,4,5,understory,ANVI,50,
10,2,Gull.Rock,Transition,4,5,understory,MYCE,15,
10,2,Gull.Rock,Transition,4,5,understory,PEPA,20,
11,2,Gull.Rock,Transition,5,1,overstory,PITA,40,
11,2,Gull.Rock,Transition,5,1,understory,ILGL,15,
11,2,Gull.Rock,Transition,5,1,understory,PEPA,10,
11,2,Gull.Rock,Transition,5,1,understory,PHAU,20,
11,2,Gull.Rock,Transition,5,1,understory,SMLA,5,
11,2,Gull.Rock,Transition,5,2,overstory,ACRU,20,
11,2,Gull.Rock,Transition,5,2,understory,DWD,25,
11,2,Gull.Rock,Transition,5,2,understory,ILGL,30,
11,2,Gull.Rock,Transition,5,2,understory,PEPA,30,
11,2,Gull.Rock,Transition,5,2,understory,PHAU,30,
11,2,Gull.Rock,Transition,5,3,understory,PEPA,10,
11,2,Gull.Rock,Transition,5,3,understory,PHAU,60,
11,2,Gull.Rock,Transition,5,4,understory,wrack,100,
11,2,Gull.Rock,Transition,5,5,understory,wrack,100,
12,2,Gull.Rock,Transition,6,1,overstory,ACRU,30,
12,2,Gull.Rock,Transition,6,1,overstory,MYCE,10,
12,2,Gull.Rock,Transition,6,1,overstory,PEPA,10,
12,2,Gull.Rock,Transition,6,1,understory,CLJA,10,
12,2,Gull.Rock,Transition,6,1,understory,DWD,20,
12,2,Gull.Rock,Transition,6,1,understory,ILGL,10,
12,2,Gull.Rock,Transition,6,1,understory,LYLU,30,
12,2,Gull.Rock,Transition,6,1,understory,OSRE,40,
12,2,Gull.Rock,Transition,6,2,understory,ILGL,30,
12,2,Gull.Rock,Transition,6,2,understory,MYCE,15,
12,2,Gull.Rock,Transition,6,2,understory,OSRE,25,
12,2,Gull.Rock,Transition,6,2,understory,PHAU,20,
12,2,Gull.Rock,Transition,6,3,overstory,ILGL,5,
12,2,Gull.Rock,Transition,6,3,understory,CLJA,15,
12,2,Gull.Rock,Transition,6,3,understory,DWD,30,
12,2,Gull.Rock,Transition,6,4,overstory,ACRU,10,
12,2,Gull.Rock,Transition,6,4,understory,CLJA,15,
12,2,Gull.Rock,Transition,6,4,understory,LYLU,30,
12,2,Gull.Rock,Transition,6,4,understory,MYCE,15,
12,2,Gull.Rock,Transition,6,4,understory,PEPA,15,
12,2,Gull.Rock,Transition,6,5,overstory,PEPA,5,
12,2,Gull.Rock,Transition,6,5,understory,ANVI,5,
12,2,Gull.Rock,Transition,6,5,understory,DWD,60,
12,2,Gull.Rock,Transition,6,5,understory,MYCE,5,
12,2,Gull.Rock,Transition,6,5,understory,OSRE,15,
12,2,Gull.Rock,Transition,6,5,understory,PEPA,5,
13,2,Gull.Rock,Transition,7,1,understory,CLJA,60,
13,2,Gull.Rock,Transition,7,1,understory,wrack,30,
13,2,Gull.Rock,Transition,7,2,understory,wrack,100,
13,2,Gull.Rock,Transition,7,3,understory,ILGL,40,
13,2,Gull.Rock,Transition,7,3,understory,LYLU,20,
13,2,Gull.Rock,Transition,7,3,understory,PEPA,25,
13,2,Gull.Rock,Transition,7,4,understory,CLJA,100,
13,2,Gull.Rock,Transition,7,5,understory,DISP,80,
13,2,Gull.Rock,Transition,7,5,understory,MYCE,5,
13,2,Gull.Rock,Transition,7,5,understory,PEPA,5,
13,2,Gull.Rock,Transition,7,5,understory,TORA,10,
14,2,Gull.Rock,Transition,10,1,understory,CLJA,60,
14,2,Gull.Rock,Transition,10,1,understory,DWD,20,
14,2,Gull.Rock,Transition,10,1,understory,DICA,10,
14,2,Gull.Rock,Transition,10,2,understory,DWD,20,
14,2,Gull.Rock,Transition,10,2,understory,MYCE,5,
14,2,Gull.Rock,Transition,10,2,understory,PITA,10,
14,2,Gull.Rock,Transition,10,3,understory,CLJA,15,
14,2,Gull.Rock,Transition,10,3,understory,wrack,80,
14,2,Gull.Rock,Transition,10,4,understory,CLJA,80,
14,2,Gull.Rock,Transition,10,4,understory,DICA,20,
14,2,Gull.Rock,Transition,10,5,understory,CLJA,100,
15,3,Gull.Rock,Marsh,1,1,overstory,PHAU,50,
15,3,Gull.Rock,Marsh,1,1,understory,PHAU,100,
15,3,Gull.Rock,Marsh,1,2,overstory,PHAU,40,
15,3,Gull.Rock,Marsh,1,2,understory,CLJA,5,
15,3,Gull.Rock,Marsh,1,2,understory,PHAU,95,
15,3,Gull.Rock,Marsh,1,3,overstory,PHAU,30,
15,3,Gull.Rock,Marsh,1,3,understory,PHAU,100,
15,3,Gull.Rock,Marsh,1,4,overstory,PHAU,40,
15,3,Gull.Rock,Marsh,1,4,understory,PHAU,100,
15,3,Gull.Rock,Marsh,1,5,overstory,PHAU,35,
15,3,Gull.Rock,Marsh,1,5,understory,PHAU,100,
16,3,Gull.Rock,Marsh,2,1,understory,CLJA,40,
16,3,Gull.Rock,Marsh,2,1,understory,TYLA,20,
16,3,Gull.Rock,Marsh,2,1,understory,water,5,
16,3,Gull.Rock,Marsh,2,2,understory,JURO,50,
16,3,Gull.Rock,Marsh,2,2,understory,PYLA,10,
16,3,Gull.Rock,Marsh,2,3,understory,TYLA,70,
16,3,Gull.Rock,Marsh,2,3,understory,water,30,
16,3,Gull.Rock,Marsh,2,4,understory,CLJA,60,
16,3,Gull.Rock,Marsh,2,4,understory,TYLA,40,
16,3,Gull.Rock,Marsh,2,4,understory,water,20,
16,3,Gull.Rock,Marsh,2,5,understory,CLJA,40,
16,3,Gull.Rock,Marsh,2,5,understory,water,20,
17,3,Gull.Rock,Marsh,3,1,overstory,PHAU,5,
17,3,Gull.Rock,Marsh,3,1,understory,CLJA,20,
17,3,Gull.Rock,Marsh,3,1,understory,PHAU,60,
17,3,Gull.Rock,Marsh,3,2,understory,BARE,5,
17,3,Gull.Rock,Marsh,3,2,understory,CLJA,70,
17,3,Gull.Rock,Marsh,3,2,understory,PHAU,5,
17,3,Gull.Rock,Marsh,3,3,understory,CLJA,90,
17,3,Gull.Rock,Marsh,3,4,overstory,PHAU,5,
17,3,Gull.Rock,Marsh,3,4,understory,CLJA,5,
17,3,Gull.Rock,Marsh,3,4,understory,PHAU,90,
17,3,Gull.Rock,Marsh,3,5,overstory,PHAU,5,
17,3,Gull.Rock,Marsh,3,5,understory,CLJA,40,
17,3,Gull.Rock,Marsh,3,5,understory,PHAU,40,
18,3,Gull.Rock,Marsh,4,1,overstory,PHAU,50,
18,3,Gull.Rock,Marsh,4,1,understory,PHAU,100,
18,3,Gull.Rock,Marsh,4,2,overstory,PHAU,60,
18,3,Gull.Rock,Marsh,4,2,understory,PHAU,100,
18,3,Gull.Rock,Marsh,4,3,overstory,PHAU,50,
18,3,Gull.Rock,Marsh,4,3,understory,PHAU,100,
18,3,Gull.Rock,Marsh,4,4,understory,CLJA,60,
18,3,Gull.Rock,Marsh,4,4,understory,DISP,10,
18,3,Gull.Rock,Marsh,4,4,understory,PHAU,30,
18,3,Gull.Rock,Marsh,4,5,overstory,PHAU,30,
18,3,Gull.Rock,Marsh,4,5,understory,ILGL,20,
18,3,Gull.Rock,Marsh,4,5,understory,MYCE,10,
18,3,Gull.Rock,Marsh,4,5,understory,PEPA,5,
18,3,Gull.Rock,Marsh,4,5,understory,PHAU,40,
19,3,Gull.Rock,Marsh,5,1,understory,BARE,20,
19,3,Gull.Rock,Marsh,5,1,understory,CLJA,60,
19,3,Gull.Rock,Marsh,5,2,understory,CLJA,100,
19,3,Gull.Rock,Marsh,5,3,understory,CLJA,100,
19,3,Gull.Rock,Marsh,5,4,overstory,PHAU,30,
19,3,Gull.Rock,Marsh,5,4,understory,CLJA,50,
19,3,Gull.Rock,Marsh,5,4,understory,PHAU,50,
19,3,Gull.Rock,Marsh,5,5,understory,CLJA,100,
20,3,Gull.Rock,Marsh,6,1,overstory,PHAU,50,
20,3,Gull.Rock,Marsh,6,1,understory,PHAU,100,
20,3,Gull.Rock,Marsh,6,2,overstory,PHAU,40,
20,3,Gull.Rock,Marsh,6,2,understory,PHAU,100,
20,3,Gull.Rock,Marsh,6,3,overstory,PHAU,40,
20,3,Gull.Rock,Marsh,6,3,understory,PHAU,100,
20,3,Gull.Rock,Marsh,6,4,overstory,PHAU,30,
20,3,Gull.Rock,Marsh,6,4,understory,CLJA,5,
20,3,Gull.Rock,Marsh,6,4,understory,PHAU,95,
20,3,Gull.Rock,Marsh,6,5,overstory,PHAU,20,
20,3,Gull.Rock,Marsh,6,5,understory,PHAU,100,
21,3,Gull.Rock,Marsh,7,1,overstory,PHAU,20,
21,3,Gull.Rock,Marsh,7,1,understory,CLJA,50,
21,3,Gull.Rock,Marsh,7,1,understory,PHAU,50,
21,3,Gull.Rock,Marsh,7,2,overstory,PHAU,5,
21,3,Gull.Rock,Marsh,7,2,understory,CLJA,80,
21,3,Gull.Rock,Marsh,7,2,understory,PHAU,10,
21,3,Gull.Rock,Marsh,7,3,overstory,PHAU,30,
21,3,Gull.Rock,Marsh,7,3,understory,CLJA,40,
21,3,Gull.Rock,Marsh,7,3,understory,PHAU,60,
21,3,Gull.Rock,Marsh,7,4,overstory,PHAU,30,
21,3,Gull.Rock,Marsh,7,4,understory,CLJA,50,
21,3,Gull.Rock,Marsh,7,4,understory,PHAU,50,
21,3,Gull.Rock,Marsh,7,5,overstory,PHAU,30,
21,3,Gull.Rock,Marsh,7,5,understory,CLJA,20,
21,3,Gull.Rock,Marsh,7,5,understory,PHAU,80,
22,4,Long.Shoal,Forest,1,1,understory,CLJA,70,
22,4,Long.Shoal,Forest,1,1,understory,MYCE,10,
22,4,Long.Shoal,Forest,1,1,understory,TORA,10,
22,4,Long.Shoal,Forest,1,2,overstory,PEPA,60,
22,4,Long.Shoal,Forest,1,2,understory,CLJA,90,
22,4,Long.Shoal,Forest,1,2,understory,TORA,5,
22,4,Long.Shoal,Forest,1,3,understory,DWD,5,
22,4,Long.Shoal,Forest,1,3,understory,ILGL,40,
22,4,Long.Shoal,Forest,1,3,understory,MYCE,15,
22,4,Long.Shoal,Forest,1,3,understory,PEPA,20,
22,4,Long.Shoal,Forest,1,4,understory,CLJA,70,
22,4,Long.Shoal,Forest,1,4,understory,DWD,5,
22,4,Long.Shoal,Forest,1,4,understory,ILGL,10,
22,4,Long.Shoal,Forest,1,4,understory,MYCE,10,
22,4,Long.Shoal,Forest,1,5,understory,CLJA,95,
22,4,Long.Shoal,Forest,1,5,understory,UNK2,1,
23,4,Long.Shoal,Forest,2,1,understory,CLJA,30,
23,4,Long.Shoal,Forest,2,1,understory,DWD,10,
23,4,Long.Shoal,Forest,2,1,understory,ILGL,15,
23,4,Long.Shoal,Forest,2,1,understory,MYCE,20,
23,4,Long.Shoal,Forest,2,1,understory,OSRE,20,
23,4,Long.Shoal,Forest,2,1,understory,PEPA,10,
23,4,Long.Shoal,Forest,2,1,understory,SMLA,5,
23,4,Long.Shoal,Forest,2,2,overstory,PISE,30,
23,4,Long.Shoal,Forest,2,2,understory,DWD,15,
23,4,Long.Shoal,Forest,2,2,understory,ILGL,40,
23,4,Long.Shoal,Forest,2,2,understory,OSRE,30,
23,4,Long.Shoal,Forest,2,2,understory,PEPA,10,
23,4,Long.Shoal,Forest,2,3,overstory,PISE,15,
23,4,Long.Shoal,Forest,2,3,understory,CLJA,10,
23,4,Long.Shoal,Forest,2,3,understory,OSRE,70,
23,4,Long.Shoal,Forest,2,3,understory,RHUS,5,
23,4,Long.Shoal,Forest,2,3,understory,SMLA,5,
23,4,Long.Shoal,Forest,2,4,overstory,PISE,25,
23,4,Long.Shoal,Forest,2,4,understory,CLJA,20,
23,4,Long.Shoal,Forest,2,4,understory,MYCE,20,
23,4,Long.Shoal,Forest,2,4,understory,OSRE,20,
23,4,Long.Shoal,Forest,2,4,understory,PEPA,15,
23,4,Long.Shoal,Forest,2,5,overstory,PISE,30,
23,4,Long.Shoal,Forest,2,5,understory,CLJA,90,
23,4,Long.Shoal,Forest,2,5,understory,DWD,5,
24,4,Long.Shoal,Forest,3,1,overstory,MYCE,20,
24,4,Long.Shoal,Forest,3,1,overstory,PISE,20,
24,4,Long.Shoal,Forest,3,1,understory,ILGL,40,
24,4,Long.Shoal,Forest,3,1,understory,MYCE,30,
24,4,Long.Shoal,Forest,3,1,understory,OSRE,25,
24,4,Long.Shoal,Forest,3,1,understory,PEPA,5,
24,4,Long.Shoal,Forest,3,2,overstory,MYCE,10,
24,4,Long.Shoal,Forest,3,2,overstory,PEPA,20,
24,4,Long.Shoal,Forest,3,2,understory,ILGL,30,
24,4,Long.Shoal,Forest,3,2,understory,OSRE,40,
24,4,Long.Shoal,Forest,3,2,understory,PEPA,30,
24,4,Long.Shoal,Forest,3,3,overstory,PISE,40,
24,4,Long.Shoal,Forest,3,3,understory,ILGL,20,
24,4,Long.Shoal,Forest,3,3,understory,MYCE,20,
24,4,Long.Shoal,Forest,3,3,understory,OSRE,60,
24,4,Long.Shoal,Forest,3,4,overstory,PEPA,10,
24,4,Long.Shoal,Forest,3,4,understory,ILGL,10,
24,4,Long.Shoal,Forest,3,4,understory,MYCE,40,
24,4,Long.Shoal,Forest,3,4,understory,OSRE,40,
24,4,Long.Shoal,Forest,3,4,understory,PEPA,20,
24,4,Long.Shoal,Forest,3,5,understory,CLJA,80,
24,4,Long.Shoal,Forest,3,5,understory,PEPA,5,
24,4,Long.Shoal,Forest,3,5,understory,TORA,5,
25,4,Long.Shoal,Forest,4,1,overstory,MYCE,1,
25,4,Long.Shoal,Forest,4,1,understory,CLJA,70,
25,4,Long.Shoal,Forest,4,1,understory,ILGL,5,
25,4,Long.Shoal,Forest,4,1,understory,PEPA,10,
25,4,Long.Shoal,Forest,4,1,understory,TORA,5,
25,4,Long.Shoal,Forest,4,2,understory,ANVI,5,
25,4,Long.Shoal,Forest,4,2,understory,CLJA,40,
25,4,Long.Shoal,Forest,4,2,understory,MYCE,10,
25,4,Long.Shoal,Forest,4,2,understory,OSRE,30,
25,4,Long.Shoal,Forest,4,2,understory,PEPA,5,
25,4,Long.Shoal,Forest,4,2,understory,SMLA,5,
25,4,Long.Shoal,Forest,4,3,overstory,PISE,10,
25,4,Long.Shoal,Forest,4,3,understory,CLJA,15,
25,4,Long.Shoal,Forest,4,3,understory,ILGL,5,
25,4,Long.Shoal,Forest,4,3,understory,MYCE,10,
25,4,Long.Shoal,Forest,4,3,understory,OSRE,30,
25,4,Long.Shoal,Forest,4,3,understory,PEPA,15,
25,4,Long.Shoal,Forest,4,4,overstory,MYCE,10,
25,4,Long.Shoal,Forest,4,4,overstory,PISE,20,
25,4,Long.Shoal,Forest,4,4,understory,CLJA,20,
25,4,Long.Shoal,Forest,4,4,understory,ILGL,10,
25,4,Long.Shoal,Forest,4,4,understory,MYCE,30,
25,4,Long.Shoal,Forest,4,4,understory,OSRE,20,
25,4,Long.Shoal,Forest,4,4,understory,PISE,20,
25,4,Long.Shoal,Forest,4,5,overstory,PISE,40,
25,4,Long.Shoal,Forest,4,5,understory,CLJA,90,
25,4,Long.Shoal,Forest,4,5,understory,PEPA,10,
26,4,Long.Shoal,Forest,5,1,overstory,MYCE,10,
26,4,Long.Shoal,Forest,5,1,understory,DWD,10,
26,4,Long.Shoal,Forest,5,1,understory,MYCE,20,
26,4,Long.Shoal,Forest,5,1,understory,OSRE,40,
26,4,Long.Shoal,Forest,5,1,understory,PEPA,5,
26,4,Long.Shoal,Forest,5,1,understory,SYTI,15,
26,4,Long.Shoal,Forest,5,1,understory,water,20,
26,4,Long.Shoal,Forest,5,2,overstory,MYCE,15,
26,4,Long.Shoal,Forest,5,2,overstory,PEPA,15,
26,4,Long.Shoal,Forest,5,2,understory,ACRU,10,
26,4,Long.Shoal,Forest,5,2,understory,DWD,10,
26,4,Long.Shoal,Forest,5,2,understory,OSRE,40,
26,4,Long.Shoal,Forest,5,2,understory,SYTI,40,
26,4,Long.Shoal,Forest,5,3,understory,MYCE,30,
26,4,Long.Shoal,Forest,5,3,understory,OSRE,40,
26,4,Long.Shoal,Forest,5,3,understory,PEPA,5,
26,4,Long.Shoal,Forest,5,3,understory,SYTI,15,
26,4,Long.Shoal,Forest,5,4,understory,BAHA,5,
26,4,Long.Shoal,Forest,5,4,understory,CLJA,5,
26,4,Long.Shoal,Forest,5,4,understory,MYCE,5,
26,4,Long.Shoal,Forest,5,4,understory,DISP,80,
26,4,Long.Shoal,Forest,5,5,overstory,MYCE,40,
26,4,Long.Shoal,Forest,5,5,overstory,PEPA,15,
26,4,Long.Shoal,Forest,5,5,understory,DWD,15,
26,4,Long.Shoal,Forest,5,5,understory,ILGL,35,
26,4,Long.Shoal,Forest,5,5,understory,MYCE,30,
26,4,Long.Shoal,Forest,5,5,understory,OSRE,25,
27,4,Long.Shoal,Forest,6,1,understory,BAHA,20,
27,4,Long.Shoal,Forest,6,1,understory,CLJA,70,
27,4,Long.Shoal,Forest,6,1,understory,MYCE,10,
27,4,Long.Shoal,Forest,6,2,overstory,MYCE,20,
27,4,Long.Shoal,Forest,6,2,overstory,PEPA,30,
27,4,Long.Shoal,Forest,6,2,overstory,PISE,20,
27,4,Long.Shoal,Forest,6,2,understory,ILGL,30,
27,4,Long.Shoal,Forest,6,2,understory,MYCE,40,
27,4,Long.Shoal,Forest,6,2,understory,PEPA,5,
27,4,Long.Shoal,Forest,6,2,understory,RHUS,10,
27,4,Long.Shoal,Forest,6,3,understory,CLJA,80,
27,4,Long.Shoal,Forest,6,3,understory,MYCE,10,
27,4,Long.Shoal,Forest,6,4,understory,CLJA,99,
27,4,Long.Shoal,Forest,6,4,understory,TORA,1,
27,4,Long.Shoal,Forest,6,5,overstory,PISE,10,
27,4,Long.Shoal,Forest,6,5,understory,MYCE,5,
27,4,Long.Shoal,Forest,6,5,understory,PEPA,5,
27,4,Long.Shoal,Forest,6,5,understory,SPCY,80,
27,4,Long.Shoal,Forest,6,5,understory,TORA,5,
28,4,Long.Shoal,Forest,7,1,overstory,ACRU,30,
28,4,Long.Shoal,Forest,7,1,understory,BAHA,10,
28,4,Long.Shoal,Forest,7,1,understory,ILGL,40,
28,4,Long.Shoal,Forest,7,1,understory,OSRE,30,
28,4,Long.Shoal,Forest,7,1,understory,PEPA,5,
28,4,Long.Shoal,Forest,7,1,understory,TORA,15,
28,4,Long.Shoal,Forest,7,2,overstory,MYCE,20,
28,4,Long.Shoal,Forest,7,2,understory,MYCE,30,
28,4,Long.Shoal,Forest,7,2,understory,OSRE,60,
28,4,Long.Shoal,Forest,7,2,understory,PEPA,10,
28,4,Long.Shoal,Forest,7,2,understory,SMLA,5,
28,4,Long.Shoal,Forest,7,3,understory,CLJA,5,
28,4,Long.Shoal,Forest,7,3,understory,OSRE,60,
28,4,Long.Shoal,Forest,7,3,understory,PEPA,10,
28,4,Long.Shoal,Forest,7,3,understory,SYTI,30,
28,4,Long.Shoal,Forest,7,4,overstory,MYCE,30,
28,4,Long.Shoal,Forest,7,4,understory,ILGL,20,
28,4,Long.Shoal,Forest,7,4,understory,MYCE,40,
28,4,Long.Shoal,Forest,7,4,understory,OSRE,15,
28,4,Long.Shoal,Forest,7,4,understory,PEPA,10,
28,4,Long.Shoal,Forest,7,4,understory,TORA,15,
28,4,Long.Shoal,Forest,7,5,overstory,MYCE,10,
28,4,Long.Shoal,Forest,7,5,overstory,PEPA,10,
28,4,Long.Shoal,Forest,7,5,understory,ACRU,10,
28,4,Long.Shoal,Forest,7,5,understory,ILGL,20,
28,4,Long.Shoal,Forest,7,5,understory,MYCE,10,
28,4,Long.Shoal,Forest,7,5,understory,OSRE,40,
28,4,Long.Shoal,Forest,7,5,understory,PEPA,5,
28,4,Long.Shoal,Forest,7,5,understory,TORA,5,
29,5,Long.Shoal,Marsh,1,1,understory,CLJA,100,
29,5,Long.Shoal,Marsh,1,2,understory,CLJA,100,
29,5,Long.Shoal,Marsh,1,3,understory,CLJA,70,
29,5,Long.Shoal,Marsh,1,3,understory,DISP,20,
29,5,Long.Shoal,Marsh,1,3,understory,water,10,
29,5,Long.Shoal,Marsh,1,4,understory,DISP,95,
29,5,Long.Shoal,Marsh,1,4,understory,UNKSEDGE,5,
29,5,Long.Shoal,Marsh,1,5,understory,CLJA,60,
29,5,Long.Shoal,Marsh,1,5,understory,DISP,40,
30,5,Long.Shoal,Marsh,2,1,understory,DISP,10,
30,5,Long.Shoal,Marsh,2,1,understory,water,90,
30,5,Long.Shoal,Marsh,2,2,understory,BAHA,90,
30,5,Long.Shoal,Marsh,2,2,understory,CLJA,10,
30,5,Long.Shoal,Marsh,2,3,understory,CLJA,20,
30,5,Long.Shoal,Marsh,2,3,understory,water,80,
30,5,Long.Shoal,Marsh,2,4,understory,CLJA,20,
30,5,Long.Shoal,Marsh,2,4,understory,SPCY,30,
30,5,Long.Shoal,Marsh,2,4,understory,water,40,
30,5,Long.Shoal,Marsh,2,5,understory,BAHA,1,
30,5,Long.Shoal,Marsh,2,5,understory,CLJA,99,
31,5,Long.Shoal,Marsh,3,1,understory,wrack,100,
31,5,Long.Shoal,Marsh,3,2,understory,wrack,100,
31,5,Long.Shoal,Marsh,3,3,understory,CLJA,40,
31,5,Long.Shoal,Marsh,3,3,understory,DISP,30,
31,5,Long.Shoal,Marsh,3,3,understory,water,30,
31,5,Long.Shoal,Marsh,3,4,understory,CLJA,20,
31,5,Long.Shoal,Marsh,3,4,understory,DISP,20,
31,5,Long.Shoal,Marsh,3,4,understory,water,60,
31,5,Long.Shoal,Marsh,3,5,understory,CLJA,100,
32,5,Long.Shoal,Marsh,4,1,understory,CLJA,85,
32,5,Long.Shoal,Marsh,4,1,understory,water,10,
32,5,Long.Shoal,Marsh,4,2,understory,CLJA,30,
32,5,Long.Shoal,Marsh,4,2,understory,DISP,50,
32,5,Long.Shoal,Marsh,4,3,understory,DISP,100,
32,5,Long.Shoal,Marsh,4,4,understory,CLJA,40,
32,5,Long.Shoal,Marsh,4,4,understory,DISP,50,
32,5,Long.Shoal,Marsh,4,5,understory,CLJA,5,
32,5,Long.Shoal,Marsh,4,5,understory,DISP,95,
33,5,Long.Shoal,Marsh,5,1,understory,DISP,95,
33,5,Long.Shoal,Marsh,5,1,understory,UNKSEDGE,5,
33,5,Long.Shoal,Marsh,5,2,understory,CLJA,15,
33,5,Long.Shoal,Marsh,5,2,understory,DISP,80,
33,5,Long.Shoal,Marsh,5,2,understory,UNKSEDGE,5,
33,5,Long.Shoal,Marsh,5,3,understory,CLJA,5,
33,5,Long.Shoal,Marsh,5,3,understory,DISP,85,
33,5,Long.Shoal,Marsh,5,3,understory,UNKSEDGE,5,
33,5,Long.Shoal,Marsh,5,3,understory,water,5,
33,5,Long.Shoal,Marsh,5,4,understory,DISP,60,
33,5,Long.Shoal,Marsh,5,4,understory,UNKSEDGE,10,
33,5,Long.Shoal,Marsh,5,4,understory,water,30,
33,5,Long.Shoal,Marsh,5,5,understory,CLJA,40,
33,5,Long.Shoal,Marsh,5,5,understory,DISP,30,
33,5,Long.Shoal,Marsh,5,5,understory,UNKSEDGE,10,
34,5,Long.Shoal,Marsh,6,1,understory,CLJA,30,
34,5,Long.Shoal,Marsh,6,1,understory,DISP,70,
34,5,Long.Shoal,Marsh,6,2,understory,CLJA,30,
34,5,Long.Shoal,Marsh,6,2,understory,DISP,70,
34,5,Long.Shoal,Marsh,6,3,understory,CLJA,30,
34,5,Long.Shoal,Marsh,6,3,understory,DISP,30,
34,5,Long.Shoal,Marsh,6,3,understory,water,20,
34,5,Long.Shoal,Marsh,6,4,understory,CLJA,10,
34,5,Long.Shoal,Marsh,6,4,understory,DISP,90,
34,5,Long.Shoal,Marsh,6,5,understory,CLJA,30,
34,5,Long.Shoal,Marsh,6,5,understory,DISP,70,
35,5,Long.Shoal,Marsh,7,1,understory,CLJA,100,
35,5,Long.Shoal,Marsh,7,2,understory,CLJA,80,
35,5,Long.Shoal,Marsh,7,2,understory,DISP,20,
35,5,Long.Shoal,Marsh,7,3,understory,CLJA,30,
35,5,Long.Shoal,Marsh,7,3,understory,DISP,70,
35,5,Long.Shoal,Marsh,7,4,understory,BARE,10,
35,5,Long.Shoal,Marsh,7,4,understory,CLJA,90,
35,5,Long.Shoal,Marsh,7,5,understory,CLJA,90,
35,5,Long.Shoal,Marsh,7,5,understory,DISP,5,
35,5,Long.Shoal,Marsh,7,5,understory,water,5,
36,6,Long.Shoal,Transition,1,1,understory,BAHA,20,
36,6,Long.Shoal,Transition,1,1,understory,DISP,30,
36,6,Long.Shoal,Transition,1,1,understory,MYCE,1,
36,6,Long.Shoal,Transition,1,1,understory,SPCY,1,
36,6,Long.Shoal,Transition,1,1,understory,SPPA,40,
36,6,Long.Shoal,Transition,1,2,understory,BAHA,35,
36,6,Long.Shoal,Transition,1,2,understory,DISP,20,
36,6,Long.Shoal,Transition,1,2,understory,SPPA,30,
36,6,Long.Shoal,Transition,1,2,understory,TORA,5,
36,6,Long.Shoal,Transition,1,3,understory,BAHA,5,
36,6,Long.Shoal,Transition,1,3,understory,DISP,30,
36,6,Long.Shoal,Transition,1,3,understory,SPCY,10,
36,6,Long.Shoal,Transition,1,3,understory,SPPA,40,
36,6,Long.Shoal,Transition,1,4,understory,CLJA,10,
36,6,Long.Shoal,Transition,1,4,understory,DISP,50,
36,6,Long.Shoal,Transition,1,4,understory,SPCY,5,
36,6,Long.Shoal,Transition,1,4,understory,SPPA,20,
36,6,Long.Shoal,Transition,1,5,understory,DISP,60,
36,6,Long.Shoal,Transition,1,5,understory,SEGE,5,
36,6,Long.Shoal,Transition,1,5,understory,SPPA,30,
37,6,Long.Shoal,Transition,2,1,understory,BAHA,5,
37,6,Long.Shoal,Transition,2,1,understory,CLJA,65,
37,6,Long.Shoal,Transition,2,1,understory,DISP,10,
37,6,Long.Shoal,Transition,2,2,understory,CLJA,5,
37,6,Long.Shoal,Transition,2,2,understory,DISP,80,
37,6,Long.Shoal,Transition,2,2,understory,UNKGRASS,10,
37,6,Long.Shoal,Transition,2,3,understory,CLJA,10,
37,6,Long.Shoal,Transition,2,3,understory,DISP,40,
37,6,Long.Shoal,Transition,2,3,understory,PEPA,10,
37,6,Long.Shoal,Transition,2,3,understory,TORA,5,
37,6,Long.Shoal,Transition,2,3,understory,UNKGRASS,20,
37,6,Long.Shoal,Transition,2,4,understory,CLJA,10,
37,6,Long.Shoal,Transition,2,4,understory,DISP,70,
37,6,Long.Shoal,Transition,2,4,understory,UNKGRASS,5,
37,6,Long.Shoal,Transition,2,5,understory,BAHA,5,
37,6,Long.Shoal,Transition,2,5,understory,CLJA,5,
37,6,Long.Shoal,Transition,2,5,understory,DISP,40,
37,6,Long.Shoal,Transition,2,5,understory,MYCE,20,
38,6,Long.Shoal,Transition,3,1,understory,CLJA,95,
38,6,Long.Shoal,Transition,3,1,understory,water,5,
38,6,Long.Shoal,Transition,3,2,understory,CLJA,85,
38,6,Long.Shoal,Transition,3,2,understory,water,15,
38,6,Long.Shoal,Transition,3,3,understory,CLJA,100,
38,6,Long.Shoal,Transition,3,4,understory,wrack,100,
38,6,Long.Shoal,Transition,3,5,understory,CLJA,100,
39,6,Long.Shoal,Transition,4,1,understory,CLJA,100,
39,6,Long.Shoal,Transition,4,2,understory,CLJA,100,
39,6,Long.Shoal,Transition,4,3,understory,CLJA,40,
39,6,Long.Shoal,Transition,4,3,understory,MYCE,10,
39,6,Long.Shoal,Transition,4,3,understory,water,50,
39,6,Long.Shoal,Transition,4,4,understory,CLJA,100,
39,6,Long.Shoal,Transition,4,5,understory,BAHA,20,
39,6,Long.Shoal,Transition,4,5,understory,CLJA,70,
40,6,Long.Shoal,Transition,5,1,understory,CLJA,80,
40,6,Long.Shoal,Transition,5,1,understory,DISP,10,
40,6,Long.Shoal,Transition,5,1,understory,SPPA,10,
40,6,Long.Shoal,Transition,5,2,understory,BAHA,15,
40,6,Long.Shoal,Transition,5,2,understory,DISP,70,
40,6,Long.Shoal,Transition,5,2,understory,SPCY,10,
40,6,Long.Shoal,Transition,5,3,understory,CLJA,20,
40,6,Long.Shoal,Transition,5,3,understory,DISP,60,
40,6,Long.Shoal,Transition,5,3,understory,water,10,
40,6,Long.Shoal,Transition,5,4,understory,CLJA,60,
40,6,Long.Shoal,Transition,5,4,understory,DISP,10,
40,6,Long.Shoal,Transition,5,4,understory,water,30,
40,6,Long.Shoal,Transition,5,5,understory,DISP,80,
40,6,Long.Shoal,Transition,5,5,understory,MYCE,15,
40,6,Long.Shoal,Transition,5,5,understory,SPCY,10,
40,6,Long.Shoal,Transition,5,5,understory,water,10,
41,6,Long.Shoal,Transition,6,1,understory,BAHA,10,
41,6,Long.Shoal,Transition,6,1,understory,CLJA,80,
41,6,Long.Shoal,Transition,6,2,understory,CLJA,100,
41,6,Long.Shoal,Transition,6,3,understory,CLJA,60,
41,6,Long.Shoal,Transition,6,3,understory,water,40,
41,6,Long.Shoal,Transition,6,4,understory,CLJA,100,
41,6,Long.Shoal,Transition,6,5,understory,CLJA,75,
41,6,Long.Shoal,Transition,6,5,understory,PEPA,15,
42,6,Long.Shoal,Transition,7,1,overstory,PISE,20,
42,6,Long.Shoal,Transition,7,1,understory,CLJA,80,
42,6,Long.Shoal,Transition,7,1,understory,DWD,10,
42,6,Long.Shoal,Transition,7,2,understory,CLJA,90,
42,6,Long.Shoal,Transition,7,2,understory,TORA,10,
42,6,Long.Shoal,Transition,7,3,understory,CLJA,70,
42,6,Long.Shoal,Transition,7,3,understory,MYCE,10,
42,6,Long.Shoal,Transition,7,3,understory,TORA,20,
42,6,Long.Shoal,Transition,7,4,understory,CLJA,80,
42,6,Long.Shoal,Transition,7,4,understory,TORA,20,
42,6,Long.Shoal,Transition,7,5,understory,CLJA,70,
42,6,Long.Shoal,Transition,7,5,understory,PEPA,30,
42,6,Long.Shoal,Transition,7,5,understory,TORA,5,
43,7,Manns.Harbor,Forest,10,1,overstory,NYBI,10,
43,7,Manns.Harbor,Forest,10,1,overstory,PEPA,70,
43,7,Manns.Harbor,Forest,10,1,understory,ACRU,2,
43,7,Manns.Harbor,Forest,10,1,understory,DWD,10,
43,7,Manns.Harbor,Forest,10,1,understory,ILGL,20,
43,7,Manns.Harbor,Forest,10,1,understory,LYLU,30,
43,7,Manns.Harbor,Forest,10,1,understory,PEPA,5,
43,7,Manns.Harbor,Forest,10,1,understory,WOVI,40,
43,7,Manns.Harbor,Forest,10,2,overstory,ACRU,20,
43,7,Manns.Harbor,Forest,10,2,overstory,MYCE,20,
43,7,Manns.Harbor,Forest,10,2,overstory,PEPA,20,
43,7,Manns.Harbor,Forest,10,2,understory,DWD,10,
43,7,Manns.Harbor,Forest,10,2,understory,LYLU,20,
43,7,Manns.Harbor,Forest,10,2,understory,WOVI,40,
43,7,Manns.Harbor,Forest,10,3,overstory,ACRU,40,
43,7,Manns.Harbor,Forest,10,3,overstory,PEPA,35,
43,7,Manns.Harbor,Forest,10,3,understory,DWD,10,
43,7,Manns.Harbor,Forest,10,3,understory,SPHA,10,
43,7,Manns.Harbor,Forest,10,3,understory,MYCE,20,
43,7,Manns.Harbor,Forest,10,3,understory,WOVI,60,
43,7,Manns.Harbor,Forest,10,4,overstory,ACRU,20,
43,7,Manns.Harbor,Forest,10,4,overstory,MYCE,30,
43,7,Manns.Harbor,Forest,10,4,overstory,PEPA,30,
43,7,Manns.Harbor,Forest,10,4,understory,LYLU,30,
43,7,Manns.Harbor,Forest,10,4,understory,PEPA,10,
43,7,Manns.Harbor,Forest,10,4,understory,WOVI,60,
43,7,Manns.Harbor,Forest,10,5,overstory,ACRU,30,
43,7,Manns.Harbor,Forest,10,5,overstory,PEPA,30,
43,7,Manns.Harbor,Forest,10,5,understory,LYLU,10,
43,7,Manns.Harbor,Forest,10,5,understory,SPHA,5,
43,7,Manns.Harbor,Forest,10,5,understory,PEPA,10,
43,7,Manns.Harbor,Forest,10,5,understory,WOVI,70,
44,7,Manns.Harbor,Forest,11,1,overstory,LYLU,10,
44,7,Manns.Harbor,Forest,11,1,overstory,PEPA,80,
44,7,Manns.Harbor,Forest,11,1,understory,DWD,5,
44,7,Manns.Harbor,Forest,11,1,understory,LYLU,20,
44,7,Manns.Harbor,Forest,11,1,understory,WOVI,75,
44,7,Manns.Harbor,Forest,11,2,overstory,ACRU,5,
44,7,Manns.Harbor,Forest,11,2,overstory,LYLI,10,
44,7,Manns.Harbor,Forest,11,2,overstory,MYCE,10,
44,7,Manns.Harbor,Forest,11,2,overstory,NYBI,30,
44,7,Manns.Harbor,Forest,11,2,overstory,PEPA,20,
44,7,Manns.Harbor,Forest,11,2,overstory,SMLA,10,
44,7,Manns.Harbor,Forest,11,2,understory,LYLU,20,
44,7,Manns.Harbor,Forest,11,2,understory,WOVI,80,
44,7,Manns.Harbor,Forest,11,3,overstory,LYLU,10,
44,7,Manns.Harbor,Forest,11,3,overstory,PEPA,80,
44,7,Manns.Harbor,Forest,11,3,understory,LYLU,30,
44,7,Manns.Harbor,Forest,11,3,understory,WOVI,70,
44,7,Manns.Harbor,Forest,11,4,overstory,ACRU,20,
44,7,Manns.Harbor,Forest,11,4,overstory,PEPA,50,
44,7,Manns.Harbor,Forest,11,4,understory,LYLU,20,
44,7,Manns.Harbor,Forest,11,4,understory,WOVI,80,
44,7,Manns.Harbor,Forest,11,5,overstory,ACRU,10,
44,7,Manns.Harbor,Forest,11,5,overstory,LYLU,30,
44,7,Manns.Harbor,Forest,11,5,overstory,PEPA,40,
44,7,Manns.Harbor,Forest,11,5,understory,ILGL,15,
44,7,Manns.Harbor,Forest,11,5,understory,PEPA,10,
44,7,Manns.Harbor,Forest,11,5,understory,WOVI,70,
45,7,Manns.Harbor,Forest,12,1,overstory,PEPA,50,
45,7,Manns.Harbor,Forest,12,1,overstory,PITA,50,
45,7,Manns.Harbor,Forest,12,1,understory,BARE,15,
45,7,Manns.Harbor,Forest,12,1,understory,LYLI,10,
45,7,Manns.Harbor,Forest,12,1,understory,PEPA,5,
45,7,Manns.Harbor,Forest,12,1,understory,WOVI,40,
45,7,Manns.Harbor,Forest,12,2,overstory,ILGL,10,
45,7,Manns.Harbor,Forest,12,2,overstory,PEPA,30,
45,7,Manns.Harbor,Forest,12,2,overstory,PITA,40,
45,7,Manns.Harbor,Forest,12,2,understory,ILGL,20,
45,7,Manns.Harbor,Forest,12,2,understory,LYLU,40,
45,7,Manns.Harbor,Forest,12,2,understory,WOVI,40,
45,7,Manns.Harbor,Forest,12,3,overstory,PEPA,30,
45,7,Manns.Harbor,Forest,12,3,overstory,PITA,50,
45,7,Manns.Harbor,Forest,12,3,understory,ILGL,5,
45,7,Manns.Harbor,Forest,12,3,understory,LYLU,20,
45,7,Manns.Harbor,Forest,12,3,understory,PEPA,5,
45,7,Manns.Harbor,Forest,12,3,understory,WOVI,60,
45,7,Manns.Harbor,Forest,12,4,overstory,PEPA,40,
45,7,Manns.Harbor,Forest,12,4,overstory,PISE,50,
45,7,Manns.Harbor,Forest,12,4,understory,LYLU,30,
45,7,Manns.Harbor,Forest,12,4,understory,WOVI,70,
45,7,Manns.Harbor,Forest,12,5,overstory,PEPA,25,
45,7,Manns.Harbor,Forest,12,5,understory,ILGL,10,
45,7,Manns.Harbor,Forest,12,5,understory,LYLU,20,
45,7,Manns.Harbor,Forest,12,5,understory,PEPA,15,
45,7,Manns.Harbor,Forest,12,5,understory,WOVI,50,
46,7,Manns.Harbor,Forest,2,1,overstory,NYBI,50,
46,7,Manns.Harbor,Forest,2,2,understory,DWD,20,
46,7,Manns.Harbor,Forest,2,3,understory,DWD,10,
46,7,Manns.Harbor,Forest,2,4,understory,DWD,10,
46,7,Manns.Harbor,Forest,2,5,understory,DWD,10,
46,7,Manns.Harbor,Forest,2,1,understory,ILGL,20,
46,7,Manns.Harbor,Forest,2,2,understory,ILGL,10,
46,7,Manns.Harbor,Forest,2,5,understory,ILGL,10,
46,7,Manns.Harbor,Forest,2,1,understory,LYLU,35,
46,7,Manns.Harbor,Forest,2,4,understory,LYLU,30,
46,7,Manns.Harbor,Forest,2,5,understory,LYLU,10,
46,7,Manns.Harbor,Forest,2,2,understory,PEPA,5,
46,7,Manns.Harbor,Forest,2,3,understory,PEPA,10,
46,7,Manns.Harbor,Forest,2,1,understory,WOVI,40,
46,7,Manns.Harbor,Forest,2,3,understory,WOVI,80,
46,7,Manns.Harbor,Forest,2,4,understory,WOVI,60,
46,7,Manns.Harbor,Forest,2,5,understory,WOVI,60,
46,7,Manns.Harbor,Forest,2,2,overstory,LYLU,20,
46,7,Manns.Harbor,Forest,2,2,overstory,MYCE,10,
46,7,Manns.Harbor,Forest,2,2,overstory,NYBI,10,
46,7,Manns.Harbor,Forest,2,3,overstory,MYCE,30,
46,7,Manns.Harbor,Forest,2,3,overstory,NYBI,10,
46,7,Manns.Harbor,Forest,2,3,overstory,PISE,40,
46,7,Manns.Harbor,Forest,2,4,overstory,MYCE,15,
46,7,Manns.Harbor,Forest,2,4,overstory,NYBI,15,
46,7,Manns.Harbor,Forest,2,4,overstory,PEPA,20,
46,7,Manns.Harbor,Forest,2,5,overstory,ACRU,10,
46,7,Manns.Harbor,Forest,2,5,overstory,NYBI,30,
46,7,Manns.Harbor,Forest,2,5,overstory,PEPA,30,
47,7,Manns.Harbor,Forest,4,1,overstory,LYLI,50,
47,7,Manns.Harbor,Forest,4,1,overstory,PISE,40,
47,7,Manns.Harbor,Forest,4,1,understory,DWD,10,
47,7,Manns.Harbor,Forest,4,1,understory,ILGL,20,
47,7,Manns.Harbor,Forest,4,1,understory,LYLU,20,
47,7,Manns.Harbor,Forest,4,1,understory,WOVI,40,
47,7,Manns.Harbor,Forest,4,2,overstory,PISE,30,
47,7,Manns.Harbor,Forest,4,2,understory,ILGL,15,
47,7,Manns.Harbor,Forest,4,2,understory,PEPA,20,
47,7,Manns.Harbor,Forest,4,2,understory,SMLA,20,
47,7,Manns.Harbor,Forest,4,2,understory,WOVI,40,
47,7,Manns.Harbor,Forest,4,3,overstory,LYLI,30,
47,7,Manns.Harbor,Forest,4,3,overstory,PEPA,30,
47,7,Manns.Harbor,Forest,4,3,overstory,SMLA,30,
47,7,Manns.Harbor,Forest,4,3,understory,LYLI,40,
47,7,Manns.Harbor,Forest,4,3,understory,SMLA,10,
47,7,Manns.Harbor,Forest,4,3,understory,WOVI,40,
47,7,Manns.Harbor,Forest,4,4,overstory,LYLI,30,
47,7,Manns.Harbor,Forest,4,4,overstory,PEPA,15,
47,7,Manns.Harbor,Forest,4,4,overstory,PISE,40,
47,7,Manns.Harbor,Forest,4,4,understory,DWD,10,
47,7,Manns.Harbor,Forest,4,4,understory,LYLI,20,
47,7,Manns.Harbor,Forest,4,4,understory,PEPA,20,
47,7,Manns.Harbor,Forest,4,4,understory,WOVI,40,
47,7,Manns.Harbor,Forest,4,5,overstory,ACRU,30,
47,7,Manns.Harbor,Forest,4,5,overstory,PEPA,30,
47,7,Manns.Harbor,Forest,4,5,overstory,PISE,20,
47,7,Manns.Harbor,Forest,4,5,understory,ILGL,15,
47,7,Manns.Harbor,Forest,4,5,understory,LYLU,50,
47,7,Manns.Harbor,Forest,4,5,understory,WOVI,40,
48,7,Manns.Harbor,Forest,5,1,overstory,LYLI,5,
48,7,Manns.Harbor,Forest,5,1,overstory,PEPA,50,
48,7,Manns.Harbor,Forest,5,1,overstory,PISE,40,
48,7,Manns.Harbor,Forest,5,1,overstory,SMLA,10,
48,7,Manns.Harbor,Forest,5,1,understory,DWD,25,
48,7,Manns.Harbor,Forest,5,1,understory,LYLU,15,
48,7,Manns.Harbor,Forest,5,1,understory,PEPA,5,
48,7,Manns.Harbor,Forest,5,1,understory,WOVI,40,
48,7,Manns.Harbor,Forest,5,2,overstory,LYLI,10,
48,7,Manns.Harbor,Forest,5,2,overstory,ACRU,10,
48,7,Manns.Harbor,Forest,5,2,overstory,PEPA,20,
48,7,Manns.Harbor,Forest,5,2,understory,DWD,20,
48,7,Manns.Harbor,Forest,5,2,understory,LYLI,5,
48,7,Manns.Harbor,Forest,5,2,understory,WOVI,40,
48,7,Manns.Harbor,Forest,5,3,overstory,PISE,30,
48,7,Manns.Harbor,Forest,5,3,understory,DWD,10,
48,7,Manns.Harbor,Forest,5,3,understory,LYLU,60,
48,7,Manns.Harbor,Forest,5,3,understory,WOVI,40,
48,7,Manns.Harbor,Forest,5,4,overstory,PEPA,15,
48,7,Manns.Harbor,Forest,5,4,overstory,PISE,20,
48,7,Manns.Harbor,Forest,5,4,understory,DWD,20,
48,7,Manns.Harbor,Forest,5,4,understory,LYLU,40,
48,7,Manns.Harbor,Forest,5,4,understory,WOVI,40,
48,7,Manns.Harbor,Forest,5,5,overstory,PEPA,40,
48,7,Manns.Harbor,Forest,5,5,overstory,PISE,60,
48,7,Manns.Harbor,Forest,5,5,understory,DWD,5,
48,7,Manns.Harbor,Forest,5,5,understory,LYLU,25,
48,7,Manns.Harbor,Forest,5,5,understory,WOVI,70,
49,7,Manns.Harbor,Forest,6,1,overstory,PEPA,60,
49,7,Manns.Harbor,Forest,6,1,understory,DWD,20,
49,7,Manns.Harbor,Forest,6,1,understory,LYLU,25,
49,7,Manns.Harbor,Forest,6,1,understory,PEPA,10,
49,7,Manns.Harbor,Forest,6,1,understory,WOVI,30,
49,7,Manns.Harbor,Forest,6,2,overstory,PEPA,30,
49,7,Manns.Harbor,Forest,6,2,understory,DWD,15,
49,7,Manns.Harbor,Forest,6,2,understory,ILGL,15,
49,7,Manns.Harbor,Forest,6,2,understory,LYLU,35,
49,7,Manns.Harbor,Forest,6,2,understory,WOVI,60,
49,7,Manns.Harbor,Forest,6,3,overstory,MYCE,40,
49,7,Manns.Harbor,Forest,6,3,overstory,PEPA,30,
49,7,Manns.Harbor,Forest,6,3,understory,ACRU,2,
49,7,Manns.Harbor,Forest,6,3,understory,DWD,30,
49,7,Manns.Harbor,Forest,6,3,understory,LYLU,20,
49,7,Manns.Harbor,Forest,6,3,understory,WOVI,60,
49,7,Manns.Harbor,Forest,6,4,overstory,CLAL,30,
49,7,Manns.Harbor,Forest,6,4,understory,DWD,25,
49,7,Manns.Harbor,Forest,6,4,understory,LYLU,50,
49,7,Manns.Harbor,Forest,6,4,understory,WOVI,30,
49,7,Manns.Harbor,Forest,6,5,overstory,PEPA,35,
49,7,Manns.Harbor,Forest,6,5,overstory,PISE,45,
49,7,Manns.Harbor,Forest,6,5,understory,LYLU,40,
49,7,Manns.Harbor,Forest,6,5,understory,WOVI,60,
50,8,Manns.Harbor,Marsh,10,1,understory,JURO,90,
50,8,Manns.Harbor,Marsh,10,1,understory,MYCE,10,
50,8,Manns.Harbor,Marsh,10,2,understory,BAHA,10,
50,8,Manns.Harbor,Marsh,10,2,understory,CLJA,30,
50,8,Manns.Harbor,Marsh,10,2,understory,JURO,50,
50,8,Manns.Harbor,Marsh,10,2,understory,OSRE,5,
50,8,Manns.Harbor,Marsh,10,3,understory,CLJA,10,
50,8,Manns.Harbor,Marsh,10,3,understory,JURO,70,
50,8,Manns.Harbor,Marsh,10,3,understory,MYCE,10,
50,8,Manns.Harbor,Marsh,10,3,understory,OSRE,5,
50,8,Manns.Harbor,Marsh,10,4,understory,BAHA,10,
50,8,Manns.Harbor,Marsh,10,4,understory,JURO,80,
50,8,Manns.Harbor,Marsh,10,4,understory,TORA,5,
50,8,Manns.Harbor,Marsh,10,5,understory,BAHA,10,
50,8,Manns.Harbor,Marsh,10,5,understory,CLJA,40,
50,8,Manns.Harbor,Marsh,10,5,understory,JURO,40,
50,8,Manns.Harbor,Marsh,10,5,understory,OSRE,10,
51,8,Manns.Harbor,Marsh,11,1,understory,CLJA,85,
51,8,Manns.Harbor,Marsh,11,1,understory,OSRE,10,
51,8,Manns.Harbor,Marsh,11,1,understory,TORA,5,
51,8,Manns.Harbor,Marsh,11,2,understory,BAHA,10,
51,8,Manns.Harbor,Marsh,11,2,understory,CLJA,70,
51,8,Manns.Harbor,Marsh,11,2,understory,TORA,15,
51,8,Manns.Harbor,Marsh,11,3,understory,BAHA,10,
51,8,Manns.Harbor,Marsh,11,3,understory,BARE,10,
51,8,Manns.Harbor,Marsh,11,3,understory,CLJA,50,
51,8,Manns.Harbor,Marsh,11,3,understory,OSRE,20,
51,8,Manns.Harbor,Marsh,11,3,understory,PEPA,5,
51,8,Manns.Harbor,Marsh,11,4,understory,BARE,40,
51,8,Manns.Harbor,Marsh,11,4,understory,CLJA,60,
51,8,Manns.Harbor,Marsh,11,5,understory,CLJA,90,
51,8,Manns.Harbor,Marsh,11,5,understory,OSRE,5,
51,8,Manns.Harbor,Marsh,11,5,understory,TORA,5,
52,8,Manns.Harbor,Marsh,2,1,understory,water,100,
52,8,Manns.Harbor,Marsh,2,2,understory,CLJA,35,
52,8,Manns.Harbor,Marsh,2,2,understory,JURO,25,
52,8,Manns.Harbor,Marsh,2,2,understory,water,40,
52,8,Manns.Harbor,Marsh,2,3,understory,CLJA,30,
52,8,Manns.Harbor,Marsh,2,3,understory,JURO,60,
52,8,Manns.Harbor,Marsh,2,4,understory,CLJA,80,
52,8,Manns.Harbor,Marsh,2,4,understory,JURO,10,
52,8,Manns.Harbor,Marsh,2,4,understory,water,10,
52,8,Manns.Harbor,Marsh,2,5,understory,CLJA,40,
52,8,Manns.Harbor,Marsh,2,5,understory,JURO,10,
52,8,Manns.Harbor,Marsh,2,5,understory,water,20,
53,8,Manns.Harbor,Marsh,3,1,understory,JURO,65,
53,8,Manns.Harbor,Marsh,3,1,understory,TYLA,35,
53,8,Manns.Harbor,Marsh,3,2,understory,JURO,40,
53,8,Manns.Harbor,Marsh,3,2,understory,TYLA,60,
53,8,Manns.Harbor,Marsh,3,3,understory,CLJA,15,
53,8,Manns.Harbor,Marsh,3,3,understory,JURO,25,
53,8,Manns.Harbor,Marsh,3,3,understory,OSRE,5,
53,8,Manns.Harbor,Marsh,3,3,understory,TYLA,35,
53,8,Manns.Harbor,Marsh,3,4,understory,BAHA,5,
53,8,Manns.Harbor,Marsh,3,4,understory,CLJA,40,
53,8,Manns.Harbor,Marsh,3,4,understory,JURO,40,
53,8,Manns.Harbor,Marsh,3,4,understory,OSRE,5,
53,8,Manns.Harbor,Marsh,3,5,understory,CLJA,35,
53,8,Manns.Harbor,Marsh,3,5,understory,JURO,40,
53,8,Manns.Harbor,Marsh,3,5,understory,TYLA,35,
54,8,Manns.Harbor,Marsh,4,1,understory,JURO,100,
54,8,Manns.Harbor,Marsh,4,2,understory,JURO,100,
54,8,Manns.Harbor,Marsh,4,3,understory,JURO,100,
54,8,Manns.Harbor,Marsh,4,4,understory,JURO,100,
54,8,Manns.Harbor,Marsh,4,5,understory,JURO,100,
55,8,Manns.Harbor,Marsh,5,1,understory,CLJA,90,
55,8,Manns.Harbor,Marsh,5,1,understory,JURO,10,
55,8,Manns.Harbor,Marsh,5,2,understory,JURO,75,
55,8,Manns.Harbor,Marsh,5,2,understory,TYLA,25,
55,8,Manns.Harbor,Marsh,5,3,understory,CLJA,50,
55,8,Manns.Harbor,Marsh,5,3,understory,JURO,50,
55,8,Manns.Harbor,Marsh,5,3,understory,wrack,5,
55,8,Manns.Harbor,Marsh,5,4,understory,CLJA,80,
55,8,Manns.Harbor,Marsh,5,4,understory,JURO,10,
55,8,Manns.Harbor,Marsh,5,4,understory,OSRE,10,
55,8,Manns.Harbor,Marsh,5,5,understory,JURO,70,
55,8,Manns.Harbor,Marsh,5,5,understory,MYCE,20,
55,8,Manns.Harbor,Marsh,5,5,understory,TORA,5,
55,8,Manns.Harbor,Marsh,5,5,understory,wrack,10,
56,8,Manns.Harbor,Marsh,7,1,understory,JURO,90,
56,8,Manns.Harbor,Marsh,7,1,understory,wrack,10,
56,8,Manns.Harbor,Marsh,7,2,understory,JURO,100,
56,8,Manns.Harbor,Marsh,7,3,understory,JURO,100,
56,8,Manns.Harbor,Marsh,7,4,understory,JURO,100,
56,8,Manns.Harbor,Marsh,7,5,understory,JURO,100,
57,9,Manns.Harbor,Transition,1,1,understory,BARE,15,
57,9,Manns.Harbor,Transition,1,1,understory,CLJA,65,
57,9,Manns.Harbor,Transition,1,1,understory,OSRE,10,
57,9,Manns.Harbor,Transition,1,1,understory,PEPA,20,
57,9,Manns.Harbor,Transition,1,2,understory,BARE,10,
57,9,Manns.Harbor,Transition,1,2,understory,CLJA,80,
57,9,Manns.Harbor,Transition,1,2,understory,OSRE,20,
57,9,Manns.Harbor,Transition,1,2,understory,PEPA,5,
57,9,Manns.Harbor,Transition,1,3,understory,CLJA,20,
57,9,Manns.Harbor,Transition,1,3,understory,JURO,40,
57,9,Manns.Harbor,Transition,1,3,understory,MYCE,15,
57,9,Manns.Harbor,Transition,1,3,understory,OSRE,10,
57,9,Manns.Harbor,Transition,1,3,understory,ROPA,5,
57,9,Manns.Harbor,Transition,1,4,understory,CLJA,40,
57,9,Manns.Harbor,Transition,1,4,understory,JURO,40,
57,9,Manns.Harbor,Transition,1,4,understory,OSRE,10,
57,9,Manns.Harbor,Transition,1,5,understory,BARE,5,
57,9,Manns.Harbor,Transition,1,5,understory,JURO,70,
57,9,Manns.Harbor,Transition,1,5,understory,MYCE,15,
57,9,Manns.Harbor,Transition,1,5,understory,PEPA,2,
58,9,Manns.Harbor,Transition,2,1,understory,CLJA,95,
58,9,Manns.Harbor,Transition,2,1,understory,DWD,3,
58,9,Manns.Harbor,Transition,2,1,understory,TORA,2,
58,9,Manns.Harbor,Transition,2,2,understory,BARE,10,
58,9,Manns.Harbor,Transition,2,2,understory,JURO,90,
58,9,Manns.Harbor,Transition,2,3,understory,CLJA,30,
58,9,Manns.Harbor,Transition,2,3,understory,DWD,5,
58,9,Manns.Harbor,Transition,2,3,understory,JURO,15,
58,9,Manns.Harbor,Transition,2,3,understory,MYCE,20,
58,9,Manns.Harbor,Transition,2,3,understory,OSRE,10,
58,9,Manns.Harbor,Transition,2,3,understory,PEPA,5,
58,9,Manns.Harbor,Transition,2,3,understory,TORA,2,
58,9,Manns.Harbor,Transition,2,4,understory,CLJA,85,
58,9,Manns.Harbor,Transition,2,4,understory,DWD,5,
58,9,Manns.Harbor,Transition,2,4,understory,OSRE,10,
58,9,Manns.Harbor,Transition,2,5,understory,ACRU,10,
58,9,Manns.Harbor,Transition,2,5,understory,JURO,65,
58,9,Manns.Harbor,Transition,2,5,understory,MYCE,10,
58,9,Manns.Harbor,Transition,2,5,understory,OSRE,5,
59,9,Manns.Harbor,Transition,3,1,understory,BAHA,10,
59,9,Manns.Harbor,Transition,3,1,understory,JURO,10,
59,9,Manns.Harbor,Transition,3,1,understory,OSRE,10,
59,9,Manns.Harbor,Transition,3,2,understory,BARE,40,
59,9,Manns.Harbor,Transition,3,2,understory,CLJA,30,
59,9,Manns.Harbor,Transition,3,2,understory,JURO,15,
59,9,Manns.Harbor,Transition,3,2,understory,OSRE,10,
59,9,Manns.Harbor,Transition,3,3,understory,CLJA,30,
59,9,Manns.Harbor,Transition,3,3,understory,JURO,30,
59,9,Manns.Harbor,Transition,3,3,understory,MYCE,10,
59,9,Manns.Harbor,Transition,3,3,understory,OSRE,10,
59,9,Manns.Harbor,Transition,3,3,understory,ROPA,5,
59,9,Manns.Harbor,Transition,3,3,understory,TORA,5,
59,9,Manns.Harbor,Transition,3,4,understory,CLJA,15,
59,9,Manns.Harbor,Transition,3,4,understory,JURO,15,
59,9,Manns.Harbor,Transition,3,4,understory,water,75,
59,9,Manns.Harbor,Transition,3,5,understory,BAHA,5,
59,9,Manns.Harbor,Transition,3,5,understory,CLJA,10,
59,9,Manns.Harbor,Transition,3,5,understory,SPPA,10,
59,9,Manns.Harbor,Transition,3,5,understory,water,75,
60,9,Manns.Harbor,Transition,4,1,understory,BARE,10,
60,9,Manns.Harbor,Transition,4,2,understory,BARE,30,
60,9,Manns.Harbor,Transition,4,3,understory,BARE,40,
60,9,Manns.Harbor,Transition,4,5,understory,BARE,60,
60,9,Manns.Harbor,Transition,4,1,understory,CLJA,5,
60,9,Manns.Harbor,Transition,4,2,understory,CLJA,80,
60,9,Manns.Harbor,Transition,4,4,understory,CLJA,2,
60,9,Manns.Harbor,Transition,4,1,understory,DISP,50,
60,9,Manns.Harbor,Transition,4,4,understory,DISP,15,
60,9,Manns.Harbor,Transition,4,5,understory,DISP,10,
60,9,Manns.Harbor,Transition,4,1,understory,DWD,30,
60,9,Manns.Harbor,Transition,4,3,understory,DWD,5,
60,9,Manns.Harbor,Transition,4,2,understory,DWD,5,
60,9,Manns.Harbor,Transition,4,4,understory,DWD,20,
60,9,Manns.Harbor,Transition,4,5,understory,MYCE,40,
60,9,Manns.Harbor,Transition,4,3,understory,SPPA,50,
60,9,Manns.Harbor,Transition,4,2,understory,SAPA,5,
60,9,Manns.Harbor,Transition,4,1,understory,HYSP,5,
60,9,Manns.Harbor,Transition,4,3,understory,HYSP,2,
61,9,Manns.Harbor,Transition,5,1,understory,CLJA,99,
61,9,Manns.Harbor,Transition,5,1,understory,PEPA,1,
61,9,Manns.Harbor,Transition,5,2,understory,CLJA,90,
61,9,Manns.Harbor,Transition,5,2,understory,ILGL,5,
61,9,Manns.Harbor,Transition,5,2,understory,PEPA,5,
61,9,Manns.Harbor,Transition,5,3,understory,CLJA,100,
61,9,Manns.Harbor,Transition,5,4,understory,CLJA,80,
61,9,Manns.Harbor,Transition,5,4,understory,DWD,15,
61,9,Manns.Harbor,Transition,5,4,understory,OSRE,1,
61,9,Manns.Harbor,Transition,5,5,understory,CLJA,100,
62,9,Manns.Harbor,Transition,6,1,understory,BARE,45,
62,9,Manns.Harbor,Transition,6,1,understory,CLJA,15,
62,9,Manns.Harbor,Transition,6,1,understory,MYCE,30,
62,9,Manns.Harbor,Transition,6,1,understory,OSRE,25,
62,9,Manns.Harbor,Transition,6,2,understory,CLJA,100,
62,9,Manns.Harbor,Transition,6,3,understory,DWD,50,
62,9,Manns.Harbor,Transition,6,3,understory,MYCE,5,
62,9,Manns.Harbor,Transition,6,3,understory,OSRE,40,
62,9,Manns.Harbor,Transition,6,3,understory,PEPA,5,
62,9,Manns.Harbor,Transition,6,4,understory,BARE,50,
62,9,Manns.Harbor,Transition,6,4,understory,DWD,5,
62,9,Manns.Harbor,Transition,6,4,understory,MYCE,10,
62,9,Manns.Harbor,Transition,6,4,understory,OSRE,30,
62,9,Manns.Harbor,Transition,6,5,overstory,ACRU,10,
62,9,Manns.Harbor,Transition,6,5,understory,ACRU,5,
62,9,Manns.Harbor,Transition,6,5,understory,CLJA,90,
63,9,Manns.Harbor,Transition,7,1,understory,CLJA,90,
63,9,Manns.Harbor,Transition,7,1,understory,ILGL,10,
63,9,Manns.Harbor,Transition,7,2,understory,BARE,10,
63,9,Manns.Harbor,Transition,7,2,understory,CLJA,60,
63,9,Manns.Harbor,Transition,7,2,understory,OSRE,20,
63,9,Manns.Harbor,Transition,7,3,understory,ACRU,2,
63,9,Manns.Harbor,Transition,7,3,understory,CLJA,85,
63,9,Manns.Harbor,Transition,7,3,understory,MYCE,2,
63,9,Manns.Harbor,Transition,7,3,understory,OSRE,5,
63,9,Manns.Harbor,Transition,7,4,understory,CLJA,70,
63,9,Manns.Harbor,Transition,7,4,understory,MYCE,5,
63,9,Manns.Harbor,Transition,7,4,understory,OSRE,15,
63,9,Manns.Harbor,Transition,7,5,understory,CLJA,60,
63,9,Manns.Harbor,Transition,7,5,understory,ILGL,10,
63,9,Manns.Harbor,Transition,7,5,understory,MYCE,20,
63,9,Manns.Harbor,Transition,7,5,understory,OSRE,10,
64,10,Palmetto.Peartree,Forest,11,1,overstory,ACRU,30,
64,10,Palmetto.Peartree,Forest,11,1,overstory,PITA,30,
64,10,Palmetto.Peartree,Forest,11,1,understory,ACRU,30,
64,10,Palmetto.Peartree,Forest,11,1,understory,MYCE,30,
64,10,Palmetto.Peartree,Forest,11,1,understory,PEPA,30,
64,10,Palmetto.Peartree,Forest,11,1,understory,PITA,30,
64,10,Palmetto.Peartree,Forest,11,1,understory,water,20,
64,10,Palmetto.Peartree,Forest,11,2,overstory,PITA,20,
64,10,Palmetto.Peartree,Forest,11,2,understory,DWD,30,
64,10,Palmetto.Peartree,Forest,11,2,understory,PEPA,20,
64,10,Palmetto.Peartree,Forest,11,2,understory,PITA,10,
64,10,Palmetto.Peartree,Forest,11,3,understory,PITA,20,
64,10,Palmetto.Peartree,Forest,11,4,overstory,MYCE,20,
64,10,Palmetto.Peartree,Forest,11,4,overstory,PITA,40,
64,10,Palmetto.Peartree,Forest,11,4,understory,LIST,10,
64,10,Palmetto.Peartree,Forest,11,5,overstory,ACRU,30,
64,10,Palmetto.Peartree,Forest,11,5,overstory,LIST,10,
64,10,Palmetto.Peartree,Forest,11,5,overstory,PITA,40,
64,10,Palmetto.Peartree,Forest,11,5,overstory,GESE,10,
64,10,Palmetto.Peartree,Forest,11,5,understory,SMGL,5,
64,10,Palmetto.Peartree,Forest,11,5,understory,water,40,
65,10,Palmetto.Peartree,Forest,13,1,overstory,PEPA,30,
65,10,Palmetto.Peartree,Forest,13,1,overstory,PITA,80,
65,10,Palmetto.Peartree,Forest,13,1,understory,PEPA,60,
65,10,Palmetto.Peartree,Forest,13,1,understory,GESE,10,
65,10,Palmetto.Peartree,Forest,13,2,overstory,LIST,30,
65,10,Palmetto.Peartree,Forest,13,2,overstory,PEPA,30,
65,10,Palmetto.Peartree,Forest,13,2,overstory,PITA,60,
65,10,Palmetto.Peartree,Forest,13,2,understory,DWD,10,
65,10,Palmetto.Peartree,Forest,13,2,understory,PEPA,70,
65,10,Palmetto.Peartree,Forest,13,2,understory,SMGL,10,
65,10,Palmetto.Peartree,Forest,13,3,overstory,PEPA,20,
65,10,Palmetto.Peartree,Forest,13,3,overstory,PITA,60,
65,10,Palmetto.Peartree,Forest,13,3,understory,DWD,20,
65,10,Palmetto.Peartree,Forest,13,3,understory,SMLA,10,
65,10,Palmetto.Peartree,Forest,13,4,overstory,LIST,10,
65,10,Palmetto.Peartree,Forest,13,4,overstory,PEPA,40,
65,10,Palmetto.Peartree,Forest,13,4,overstory,PITA,30,
65,10,Palmetto.Peartree,Forest,13,4,understory,DWD,5,
65,10,Palmetto.Peartree,Forest,13,4,understory,MYCE,5,
65,10,Palmetto.Peartree,Forest,13,4,understory,PEPA,5,
65,10,Palmetto.Peartree,Forest,13,5,overstory,ACRU,35,
65,10,Palmetto.Peartree,Forest,13,5,overstory,PEPA,15,
65,10,Palmetto.Peartree,Forest,13,5,overstory,PITA,50,
65,10,Palmetto.Peartree,Forest,13,5,overstory,GESE,15,
65,10,Palmetto.Peartree,Forest,13,5,understory,PEPA,50,
66,10,Palmetto.Peartree,Forest,2,1,overstory,ACRU,30,
66,10,Palmetto.Peartree,Forest,2,1,overstory,MYCE,30,
66,10,Palmetto.Peartree,Forest,2,1,overstory,PEPA,15,
66,10,Palmetto.Peartree,Forest,2,1,overstory,PITA,40,
66,10,Palmetto.Peartree,Forest,2,1,understory,DWD,10,
66,10,Palmetto.Peartree,Forest,2,1,understory,PEPA,20,
66,10,Palmetto.Peartree,Forest,2,1,understory,SMLA,10,
66,10,Palmetto.Peartree,Forest,2,2,overstory,ACRU,30,
66,10,Palmetto.Peartree,Forest,2,2,overstory,PEPA,15,
66,10,Palmetto.Peartree,Forest,2,2,overstory,PITA,30,
66,10,Palmetto.Peartree,Forest,2,2,understory,PEPA,25,
66,10,Palmetto.Peartree,Forest,2,2,understory,SMGL,15,
66,10,Palmetto.Peartree,Forest,2,3,overstory,ACRU,20,
66,10,Palmetto.Peartree,Forest,2,3,overstory,PEPA,10,
66,10,Palmetto.Peartree,Forest,2,3,overstory,PITA,60,
66,10,Palmetto.Peartree,Forest,2,3,overstory,SMLA,15,
66,10,Palmetto.Peartree,Forest,2,3,understory,PEPA,30,
66,10,Palmetto.Peartree,Forest,2,3,understory,SMLA,20,
66,10,Palmetto.Peartree,Forest,2,4,overstory,MYCE,20,
66,10,Palmetto.Peartree,Forest,2,4,overstory,NYBI,20,
66,10,Palmetto.Peartree,Forest,2,4,overstory,PITA,40,
66,10,Palmetto.Peartree,Forest,2,4,understory,MYCE,10,
66,10,Palmetto.Peartree,Forest,2,4,understory,SMLA,20,
66,10,Palmetto.Peartree,Forest,2,5,overstory,LIST,20,
66,10,Palmetto.Peartree,Forest,2,5,overstory,PEPA,40,
66,10,Palmetto.Peartree,Forest,2,5,overstory,PITA,40,
66,10,Palmetto.Peartree,Forest,2,5,understory,SMGL,10,
67,10,Palmetto.Peartree,Forest,20,1,overstory,PITA,60,
67,10,Palmetto.Peartree,Forest,20,1,understory,DWD,5,
67,10,Palmetto.Peartree,Forest,20,1,understory,PEPA,30,
67,10,Palmetto.Peartree,Forest,20,1,understory,SMGL,40,
67,10,Palmetto.Peartree,Forest,20,2,understory,MYCE,5,
67,10,Palmetto.Peartree,Forest,20,2,understory,PHAU,30,
67,10,Palmetto.Peartree,Forest,20,2,understory,PITA,10,
67,10,Palmetto.Peartree,Forest,20,3,overstory,PITA,60,
67,10,Palmetto.Peartree,Forest,20,3,overstory,QUNI,15,
67,10,Palmetto.Peartree,Forest,20,3,understory,PEPA,10,
67,10,Palmetto.Peartree,Forest,20,3,understory,PITA,30,
67,10,Palmetto.Peartree,Forest,20,3,understory,QUNI,20,
67,10,Palmetto.Peartree,Forest,20,4,overstory,PITA,40,
67,10,Palmetto.Peartree,Forest,20,4,understory,DWD,30,
67,10,Palmetto.Peartree,Forest,20,4,understory,ILVO,10,
67,10,Palmetto.Peartree,Forest,20,4,understory,PEPA,10,
67,10,Palmetto.Peartree,Forest,20,5,overstory,PITA,40,
67,10,Palmetto.Peartree,Forest,20,5,overstory,LIST,20,
67,10,Palmetto.Peartree,Forest,20,5,understory,PEPA,10,
67,10,Palmetto.Peartree,Forest,20,5,understory,SMGL,15,
67,10,Palmetto.Peartree,Forest,20,5,understory,WOVI,20,
68,10,Palmetto.Peartree,Forest,4,1,overstory,MYCE,60,
68,10,Palmetto.Peartree,Forest,4,1,understory,DWD,40,
68,10,Palmetto.Peartree,Forest,4,1,understory,MYCE,15,
68,10,Palmetto.Peartree,Forest,4,1,understory,SMGL,25,
68,10,Palmetto.Peartree,Forest,4,1,understory,TYLA,5,
68,10,Palmetto.Peartree,Forest,4,2,overstory,PITA,20,
68,10,Palmetto.Peartree,Forest,4,2,understory,JUEF,30,
68,10,Palmetto.Peartree,Forest,4,2,understory,MYCE,20,
68,10,Palmetto.Peartree,Forest,4,2,understory,TYLA,5,
68,10,Palmetto.Peartree,Forest,4,3,overstory,PITA,50,
68,10,Palmetto.Peartree,Forest,4,3,understory,HYUM,5,
68,10,Palmetto.Peartree,Forest,4,3,understory,PITA,30,
68,10,Palmetto.Peartree,Forest,4,4,overstory,PITA,50,
68,10,Palmetto.Peartree,Forest,4,4,understory,LIST,20,
68,10,Palmetto.Peartree,Forest,4,4,understory,MYCE,20,
68,10,Palmetto.Peartree,Forest,4,4,understory,SMGL,10,
68,10,Palmetto.Peartree,Forest,4,5,overstory,MYCE,20,
68,10,Palmetto.Peartree,Forest,4,5,overstory,PITA,5,
68,10,Palmetto.Peartree,Forest,4,5,understory,MYCE,20,
68,10,Palmetto.Peartree,Forest,4,5,understory,PAQU,5,
68,10,Palmetto.Peartree,Forest,4,5,understory,PITA,20,
69,10,Palmetto.Peartree,Forest,5,1,understory,ARGI,30,
69,10,Palmetto.Peartree,Forest,5,1,understory,PITA,30,
69,10,Palmetto.Peartree,Forest,5,1,understory,VACC,30,
69,10,Palmetto.Peartree,Forest,5,2,understory,ARGI,80,
69,10,Palmetto.Peartree,Forest,5,2,understory,SMGL,5,
69,10,Palmetto.Peartree,Forest,5,2,understory,GESE,5,
69,10,Palmetto.Peartree,Forest,5,3,understory,LIST,15,
69,10,Palmetto.Peartree,Forest,5,3,understory,PITA,20,
69,10,Palmetto.Peartree,Forest,5,3,understory,SMGL,15,
69,10,Palmetto.Peartree,Forest,5,4,overstory,PITA,80,
69,10,Palmetto.Peartree,Forest,5,4,understory,RHYN,15,
69,10,Palmetto.Peartree,Forest,5,5,understory,ARGI,60,
69,10,Palmetto.Peartree,Forest,5,5,understory,PEPA,5,
70,10,Palmetto.Peartree,Forest,7,1,understory,DWD,80,
70,10,Palmetto.Peartree,Forest,7,1,understory,TORA,5,
70,10,Palmetto.Peartree,Forest,7,1,understory,GESE,25,
70,10,Palmetto.Peartree,Forest,7,2,overstory,PITA,60,
70,10,Palmetto.Peartree,Forest,7,2,understory,PEPA,20,
70,10,Palmetto.Peartree,Forest,7,2,understory,PITA,50,
70,10,Palmetto.Peartree,Forest,7,2,understory,SMGL,5,
70,10,Palmetto.Peartree,Forest,7,2,understory,GESE,5,
70,10,Palmetto.Peartree,Forest,7,3,overstory,MYHE,40,
70,10,Palmetto.Peartree,Forest,7,3,understory,DWD,40,
70,10,Palmetto.Peartree,Forest,7,3,understory,MYHE,40,
70,10,Palmetto.Peartree,Forest,7,3,understory,SMGL,10,
70,10,Palmetto.Peartree,Forest,7,3,understory,GESE,5,
70,10,Palmetto.Peartree,Forest,7,4,overstory,PITA,40,
70,10,Palmetto.Peartree,Forest,7,4,understory,DWD,5,
70,10,Palmetto.Peartree,Forest,7,4,understory,MYHE,50,
70,10,Palmetto.Peartree,Forest,7,4,understory,PEPA,10,
70,10,Palmetto.Peartree,Forest,7,4,understory,SMGL,10,
70,10,Palmetto.Peartree,Forest,7,5,overstory,PITA,70,
70,10,Palmetto.Peartree,Forest,7,5,understory,LIST,5,
70,10,Palmetto.Peartree,Forest,7,5,understory,MYHE,20,
70,10,Palmetto.Peartree,Forest,7,5,understory,PEPA,10,
70,10,Palmetto.Peartree,Forest,7,5,understory,PITA,80,
70,10,Palmetto.Peartree,Forest,7,5,understory,GESE,5,
71,11,Palmetto.Peartree,Transition,10,1,understory,TYLA,55,
71,11,Palmetto.Peartree,Transition,10,1,understory,water,30,
71,11,Palmetto.Peartree,Transition,10,2,understory,BAHA,30,
71,11,Palmetto.Peartree,Transition,10,2,understory,JUEF,20,
71,11,Palmetto.Peartree,Transition,10,2,understory,PITA,10,
71,11,Palmetto.Peartree,Transition,10,2,understory,CALU,50,
71,11,Palmetto.Peartree,Transition,10,3,understory,DWD,20,
71,11,Palmetto.Peartree,Transition,10,3,understory,JUEF,10,
71,11,Palmetto.Peartree,Transition,10,3,understory,TYLA,15,
71,11,Palmetto.Peartree,Transition,10,3,understory,CALU,15,
71,11,Palmetto.Peartree,Transition,10,3,understory,EUCA,10,
71,11,Palmetto.Peartree,Transition,10,4,understory,JUEF,35,
71,11,Palmetto.Peartree,Transition,10,4,understory,TYLA,35,
71,11,Palmetto.Peartree,Transition,10,4,understory,CALU,10,
71,11,Palmetto.Peartree,Transition,10,4,understory,water,15,
71,11,Palmetto.Peartree,Transition,10,5,understory,JUEF,40,
71,11,Palmetto.Peartree,Transition,10,5,understory,MYCE,5,
71,11,Palmetto.Peartree,Transition,10,5,understory,TYLA,15,
71,11,Palmetto.Peartree,Transition,10,5,understory,water,5,
71,11,Palmetto.Peartree,Transition,10,5,understory,WOVI,30,
72,11,Palmetto.Peartree,Transition,11,1,understory,DWD,15,
72,11,Palmetto.Peartree,Transition,11,1,understory,JUEF,15,
72,11,Palmetto.Peartree,Transition,11,1,understory,MYHE,5,
72,11,Palmetto.Peartree,Transition,11,1,understory,PITA,5,
72,11,Palmetto.Peartree,Transition,11,1,understory,CYPE,5,
72,11,Palmetto.Peartree,Transition,11,1,understory,WOVI,10,
72,11,Palmetto.Peartree,Transition,11,2,understory,BARE,5,
72,11,Palmetto.Peartree,Transition,11,2,understory,JUEF,20,
72,11,Palmetto.Peartree,Transition,11,2,understory,MYHE,10,
72,11,Palmetto.Peartree,Transition,11,2,understory,PITA,5,
72,11,Palmetto.Peartree,Transition,11,2,understory,TYLA,5,
72,11,Palmetto.Peartree,Transition,11,2,understory,SOLI,5,
72,11,Palmetto.Peartree,Transition,11,2,understory,CYPE,1,
72,11,Palmetto.Peartree,Transition,11,2,understory,CYPE,5,
72,11,Palmetto.Peartree,Transition,11,3,understory,JUEF,15,
72,11,Palmetto.Peartree,Transition,11,3,understory,PHAU,5,
72,11,Palmetto.Peartree,Transition,11,3,understory,PITA,5,
72,11,Palmetto.Peartree,Transition,11,3,understory,PITA,5,
72,11,Palmetto.Peartree,Transition,11,3,understory,CAGL,5,
72,11,Palmetto.Peartree,Transition,11,4,understory,ACRU,10,
72,11,Palmetto.Peartree,Transition,11,4,understory,JUEF,15,
72,11,Palmetto.Peartree,Transition,11,4,understory,MYHE,10,
72,11,Palmetto.Peartree,Transition,11,4,understory,SPPA,10,
72,11,Palmetto.Peartree,Transition,11,4,understory,TYLA,20,
72,11,Palmetto.Peartree,Transition,11,5,understory,BAHA,5,
72,11,Palmetto.Peartree,Transition,11,5,understory,GATI,5,
72,11,Palmetto.Peartree,Transition,11,5,understory,JUEF,10,
72,11,Palmetto.Peartree,Transition,11,5,understory,MYHE,10,
72,11,Palmetto.Peartree,Transition,11,5,understory,PITA,10,
72,11,Palmetto.Peartree,Transition,11,5,understory,SPPA,10,
72,11,Palmetto.Peartree,Transition,11,5,understory,TORA,5,
72,11,Palmetto.Peartree,Transition,11,5,understory,CALU,4,
73,11,Palmetto.Peartree,Transition,12,1,understory,ACRU,15,
73,11,Palmetto.Peartree,Transition,12,1,understory,DWD,10,
73,11,Palmetto.Peartree,Transition,12,1,understory,MYHE,20,
73,11,Palmetto.Peartree,Transition,12,1,understory,PITA,30,
73,11,Palmetto.Peartree,Transition,12,1,understory,TYLA,15,
73,11,Palmetto.Peartree,Transition,12,2,understory,BAHA,5,
73,11,Palmetto.Peartree,Transition,12,2,understory,DWD,5,
73,11,Palmetto.Peartree,Transition,12,2,understory,PITA,10,
73,11,Palmetto.Peartree,Transition,12,2,understory,SMGL,10,
73,11,Palmetto.Peartree,Transition,12,2,understory,CYPE,5,
73,11,Palmetto.Peartree,Transition,12,2,understory,EUCA,10,
73,11,Palmetto.Peartree,Transition,12,2,understory,SCAM,10,
73,11,Palmetto.Peartree,Transition,12,3,understory,ACRU,15,
73,11,Palmetto.Peartree,Transition,12,3,understory,JUEF,10,
73,11,Palmetto.Peartree,Transition,12,3,understory,PITA,5,
73,11,Palmetto.Peartree,Transition,12,3,understory,TORA,10,
73,11,Palmetto.Peartree,Transition,12,3,understory,TYLA,15,
73,11,Palmetto.Peartree,Transition,12,3,understory,SCRO,5,
73,11,Palmetto.Peartree,Transition,12,3,understory,SCAM,30,
73,11,Palmetto.Peartree,Transition,12,4,understory,ANVI,5,
73,11,Palmetto.Peartree,Transition,12,4,understory,PITA,5,
73,11,Palmetto.Peartree,Transition,12,4,understory,SCRO,40,
73,11,Palmetto.Peartree,Transition,12,4,understory,DICA2,30,
73,11,Palmetto.Peartree,Transition,12,5,understory,ACRU,30,
73,11,Palmetto.Peartree,Transition,12,5,understory,DWD,15,
73,11,Palmetto.Peartree,Transition,12,5,understory,MYCE,10,
73,11,Palmetto.Peartree,Transition,12,5,understory,PITA,5,
73,11,Palmetto.Peartree,Transition,12,5,understory,SMGL,5,
73,11,Palmetto.Peartree,Transition,12,5,understory,DICA2,15,
74,11,Palmetto.Peartree,Transition,2,1,understory,ANVI,5,
74,11,Palmetto.Peartree,Transition,2,1,understory,BAHA,15,
74,11,Palmetto.Peartree,Transition,2,1,understory,JUEF,5,
74,11,Palmetto.Peartree,Transition,2,1,understory,LIST,5,
74,11,Palmetto.Peartree,Transition,2,1,understory,PITA,10,
74,11,Palmetto.Peartree,Transition,2,1,understory,RHYN,10,
74,11,Palmetto.Peartree,Transition,2,1,understory,SOLI,5,
74,11,Palmetto.Peartree,Transition,2,2,understory,BAHA,10,
74,11,Palmetto.Peartree,Transition,2,2,understory,JUEF,20,
74,11,Palmetto.Peartree,Transition,2,2,understory,RHYN,30,
74,11,Palmetto.Peartree,Transition,2,2,understory,water,30,
74,11,Palmetto.Peartree,Transition,2,3,understory,ACRU,10,
74,11,Palmetto.Peartree,Transition,2,3,understory,BAHA,20,
74,11,Palmetto.Peartree,Transition,2,3,understory,JUEF,20,
74,11,Palmetto.Peartree,Transition,2,3,understory,MYHE,10,
74,11,Palmetto.Peartree,Transition,2,3,understory,PITA,10,
74,11,Palmetto.Peartree,Transition,2,3,understory,ROPA,5,
74,11,Palmetto.Peartree,Transition,2,3,understory,TORA,5,
74,11,Palmetto.Peartree,Transition,2,3,understory,RHYN,5,
74,11,Palmetto.Peartree,Transition,2,4,understory,ANVI,10,
74,11,Palmetto.Peartree,Transition,2,4,understory,BAHA,10,
74,11,Palmetto.Peartree,Transition,2,4,understory,LIST,15,
74,11,Palmetto.Peartree,Transition,2,4,understory,PEPA,5,
74,11,Palmetto.Peartree,Transition,2,4,understory,PITA,40,
74,11,Palmetto.Peartree,Transition,2,4,understory,SMGL,5,
74,11,Palmetto.Peartree,Transition,2,4,understory,RHYN,10,
74,11,Palmetto.Peartree,Transition,2,4,understory,SOLI,5,
74,11,Palmetto.Peartree,Transition,2,5,overstory,PITA,30,
74,11,Palmetto.Peartree,Transition,2,5,understory,ACRU,20,
74,11,Palmetto.Peartree,Transition,2,5,understory,BAHA,10,
74,11,Palmetto.Peartree,Transition,2,5,understory,LIST,30,
74,11,Palmetto.Peartree,Transition,2,5,understory,PITA,60,
75,11,Palmetto.Peartree,Transition,3,1,understory,ANVI,10,
75,11,Palmetto.Peartree,Transition,3,1,understory,JUEF,15,
75,11,Palmetto.Peartree,Transition,3,1,understory,PITA,10,
75,11,Palmetto.Peartree,Transition,3,1,understory,CYPE,5,
75,11,Palmetto.Peartree,Transition,3,1,understory,JUEF,15,
75,11,Palmetto.Peartree,Transition,3,2,understory,ACRU,15,
75,11,Palmetto.Peartree,Transition,3,2,understory,ANVI,5,
75,11,Palmetto.Peartree,Transition,3,2,understory,BAHA,5,
75,11,Palmetto.Peartree,Transition,3,2,understory,DWD,10,
75,11,Palmetto.Peartree,Transition,3,2,understory,MYCE,15,
75,11,Palmetto.Peartree,Transition,3,2,understory,PITA,15,
75,11,Palmetto.Peartree,Transition,3,2,understory,JUEF,5,
75,11,Palmetto.Peartree,Transition,3,3,understory,ANVI,5,
75,11,Palmetto.Peartree,Transition,3,3,understory,BAHA,10,
75,11,Palmetto.Peartree,Transition,3,3,understory,ELEOCHsp,5,
75,11,Palmetto.Peartree,Transition,3,3,understory,MYCE,10,
75,11,Palmetto.Peartree,Transition,3,3,understory,PITA,5,
75,11,Palmetto.Peartree,Transition,3,3,understory,CYPE,10,
75,11,Palmetto.Peartree,Transition,3,3,understory,JUEF,10,
75,11,Palmetto.Peartree,Transition,3,3,understory,WOVI,5,
75,11,Palmetto.Peartree,Transition,3,4,overstory,PITA,10,
75,11,Palmetto.Peartree,Transition,3,4,overstory,RHUS,10,
75,11,Palmetto.Peartree,Transition,3,4,understory,ANVI,10,
75,11,Palmetto.Peartree,Transition,3,4,understory,MYHE,20,
75,11,Palmetto.Peartree,Transition,3,4,understory,PITA,15,
75,11,Palmetto.Peartree,Transition,3,4,understory,JUEF,15,
75,11,Palmetto.Peartree,Transition,3,5,understory,ANVI,10,
75,11,Palmetto.Peartree,Transition,3,5,understory,BAHA,15,
75,11,Palmetto.Peartree,Transition,3,5,understory,JUEF,50,
75,11,Palmetto.Peartree,Transition,3,5,understory,PITA,5,
75,11,Palmetto.Peartree,Transition,3,5,understory,JUEF,15,
76,11,Palmetto.Peartree,Transition,4,1,understory,ACRU,2,
76,11,Palmetto.Peartree,Transition,4,1,understory,PEPA,5,
76,11,Palmetto.Peartree,Transition,4,1,understory,PITA,5,
76,11,Palmetto.Peartree,Transition,4,1,understory,SMGL,5,
76,11,Palmetto.Peartree,Transition,4,1,understory,RHYN,20,
76,11,Palmetto.Peartree,Transition,4,1,understory,CYPE,5,
76,11,Palmetto.Peartree,Transition,4,1,understory,JUEF,30,
76,11,Palmetto.Peartree,Transition,4,2,understory,BAHA,10,
76,11,Palmetto.Peartree,Transition,4,2,understory,JUEF,15,
76,11,Palmetto.Peartree,Transition,4,2,understory,PITA,15,
76,11,Palmetto.Peartree,Transition,4,2,understory,JUEF,10,
76,11,Palmetto.Peartree,Transition,4,2,understory,LUAL,10,
76,11,Palmetto.Peartree,Transition,4,2,understory,water,10,
76,11,Palmetto.Peartree,Transition,4,3,understory,BAHA,20,
76,11,Palmetto.Peartree,Transition,4,3,understory,JUEF,25,
76,11,Palmetto.Peartree,Transition,4,3,understory,MYHE,20,
76,11,Palmetto.Peartree,Transition,4,3,understory,PITA,5,
76,11,Palmetto.Peartree,Transition,4,3,understory,JUEF,20,
76,11,Palmetto.Peartree,Transition,4,3,understory,water,10,
76,11,Palmetto.Peartree,Transition,4,4,understory,ACRU,5,
76,11,Palmetto.Peartree,Transition,4,4,understory,ANVI,5,
76,11,Palmetto.Peartree,Transition,4,4,understory,ARGI,5,
76,11,Palmetto.Peartree,Transition,4,4,understory,BAHA,5,
76,11,Palmetto.Peartree,Transition,4,4,understory,JUEF,5,
76,11,Palmetto.Peartree,Transition,4,4,understory,PEPA,10,
76,11,Palmetto.Peartree,Transition,4,4,understory,PITA,5,
76,11,Palmetto.Peartree,Transition,4,4,understory,TORA,5,
76,11,Palmetto.Peartree,Transition,4,4,understory,CYPE,20,
76,11,Palmetto.Peartree,Transition,4,5,understory,ACRU,5,
76,11,Palmetto.Peartree,Transition,4,5,understory,ANVI,10,
76,11,Palmetto.Peartree,Transition,4,5,understory,JUEF,15,
76,11,Palmetto.Peartree,Transition,4,5,understory,PITA,5,
76,11,Palmetto.Peartree,Transition,4,5,understory,SOLI,20,
76,11,Palmetto.Peartree,Transition,4,5,understory,CYPE,15,
77,11,Palmetto.Peartree,Transition,6,1,overstory,LIST,5,
77,11,Palmetto.Peartree,Transition,6,1,overstory,MYHE,5,
77,11,Palmetto.Peartree,Transition,6,1,understory,DWD,5,
77,11,Palmetto.Peartree,Transition,6,1,understory,PEPA,10,
77,11,Palmetto.Peartree,Transition,6,1,understory,PHAU,5,
77,11,Palmetto.Peartree,Transition,6,1,understory,ROPA,5,
77,11,Palmetto.Peartree,Transition,6,1,understory,SMGL,15,
77,11,Palmetto.Peartree,Transition,6,2,understory,ANVI,10,
77,11,Palmetto.Peartree,Transition,6,2,understory,BAHA,10,
77,11,Palmetto.Peartree,Transition,6,2,understory,MYHE,10,
77,11,Palmetto.Peartree,Transition,6,2,understory,PITA,5,
77,11,Palmetto.Peartree,Transition,6,3,understory,ACRU,60,
77,11,Palmetto.Peartree,Transition,6,3,understory,ANVI,10,
77,11,Palmetto.Peartree,Transition,6,3,understory,BAHA,10,
77,11,Palmetto.Peartree,Transition,6,3,understory,MYHE,5,
77,11,Palmetto.Peartree,Transition,6,3,understory,SMGL,5,
77,11,Palmetto.Peartree,Transition,6,4,understory,ANVI,30,
77,11,Palmetto.Peartree,Transition,6,4,understory,BAHA,20,
77,11,Palmetto.Peartree,Transition,6,4,understory,MYHE,20,
77,11,Palmetto.Peartree,Transition,6,4,understory,GESE,10,
77,11,Palmetto.Peartree,Transition,6,5,understory,DWD,10,
77,11,Palmetto.Peartree,Transition,6,5,understory,MYHE,50,
77,11,Palmetto.Peartree,Transition,6,5,understory,ROPA,20,
78,12,Swanquarter,Forest,1,1,overstory,PITA,25,
78,12,Swanquarter,Forest,1,1,understory,PITA,5,
78,12,Swanquarter,Forest,1,1,understory,SPPA,30,
78,12,Swanquarter,Forest,1,2,overstory,PITA,30,
78,12,Swanquarter,Forest,1,2,understory,BAHA,10,
78,12,Swanquarter,Forest,1,2,understory,DICA,70,
78,12,Swanquarter,Forest,1,2,understory,JURO,10,
78,12,Swanquarter,Forest,1,2,understory,MYCE,5,
78,12,Swanquarter,Forest,1,3,overstory,PITA,50,
78,12,Swanquarter,Forest,1,3,understory,BAHA,5,
78,12,Swanquarter,Forest,1,3,understory,CLJA,10,
78,12,Swanquarter,Forest,1,3,understory,DICA,5,
78,12,Swanquarter,Forest,1,3,understory,PITA,5,
78,12,Swanquarter,Forest,1,4,overstory,PITA,20,
78,12,Swanquarter,Forest,1,4,understory,ARGI,15,
78,12,Swanquarter,Forest,1,4,understory,BAHA,20,
78,12,Swanquarter,Forest,1,4,understory,PEPA,10,
78,12,Swanquarter,Forest,1,4,understory,PITA,20,
78,12,Swanquarter,Forest,1,5,understory,SPPA,100,
79,12,Swanquarter,Forest,2,1,understory,BAHA,5,
79,12,Swanquarter,Forest,2,1,understory,citoniz,5,
79,12,Swanquarter,Forest,2,1,understory,MYCE,15,
79,12,Swanquarter,Forest,2,1,understory,SPPA,70,
79,12,Swanquarter,Forest,2,2,understory,BAHA,10,
79,12,Swanquarter,Forest,2,2,understory,citoniz,10,
79,12,Swanquarter,Forest,2,2,understory,SPPA,70,
79,12,Swanquarter,Forest,2,3,overstory,MYCE,30,
79,12,Swanquarter,Forest,2,3,overstory,PITA,35,
79,12,Swanquarter,Forest,2,3,understory,BAHA,10,
79,12,Swanquarter,Forest,2,3,understory,PITA,20,
79,12,Swanquarter,Forest,2,3,understory,SEMA,15,
79,12,Swanquarter,Forest,2,4,overstory,MYCE,10,
79,12,Swanquarter,Forest,2,4,overstory,PITA,25,
79,12,Swanquarter,Forest,2,4,understory,MYCE,30,
79,12,Swanquarter,Forest,2,4,understory,PEPA,10,
79,12,Swanquarter,Forest,2,4,understory,PHAU,1,
79,12,Swanquarter,Forest,2,4,understory,ROPA,20,
79,12,Swanquarter,Forest,2,5,overstory,PITA,35,
79,12,Swanquarter,Forest,2,5,understory,BAHA,5,
79,12,Swanquarter,Forest,2,5,understory,citoniz,10,
79,12,Swanquarter,Forest,2,5,understory,MYCE,15,
79,12,Swanquarter,Forest,2,5,understory,SPPA,70,
80,12,Swanquarter,Forest,3,1,overstory,PISE,10,
80,12,Swanquarter,Forest,3,1,overstory,PITA,20,
80,12,Swanquarter,Forest,3,1,understory,DWD,15,
80,12,Swanquarter,Forest,3,1,understory,IVFR,5,
80,12,Swanquarter,Forest,3,1,understory,SPPA,50,
80,12,Swanquarter,Forest,3,1,understory,VIBU,30,
80,12,Swanquarter,Forest,3,2,overstory,PITA,15,
80,12,Swanquarter,Forest,3,2,understory,BAHA,5,
80,12,Swanquarter,Forest,3,2,understory,CLJA,70,
80,12,Swanquarter,Forest,3,2,understory,JURO,10,
80,12,Swanquarter,Forest,3,3,overstory,MYCE,5,
80,12,Swanquarter,Forest,3,3,overstory,PITA,20,
80,12,Swanquarter,Forest,3,3,understory,SPPA,20,
80,12,Swanquarter,Forest,3,3,understory,wrack,70,
80,12,Swanquarter,Forest,3,4,overstory,PITA,15,
80,12,Swanquarter,Forest,3,4,understory,JUVI,5,
80,12,Swanquarter,Forest,3,4,understory,MYCE,10,
80,12,Swanquarter,Forest,3,4,understory,ROPA,15,
80,12,Swanquarter,Forest,3,4,understory,SMRO,15,
80,12,Swanquarter,Forest,3,5,understory,BAHA,5,
80,12,Swanquarter,Forest,3,5,understory,HYUM,5,
80,12,Swanquarter,Forest,3,5,understory,JURO,60,
80,12,Swanquarter,Forest,3,5,understory,SPPA,20,
81,12,Swanquarter,Forest,4,1,overstory,MYCE,15,
81,12,Swanquarter,Forest,4,1,understory,PITA,50,
81,12,Swanquarter,Forest,4,1,understory,FISP,20,
81,12,Swanquarter,Forest,4,2,overstory,MYCE,10,
81,12,Swanquarter,Forest,4,2,overstory,NYBI,15,
81,12,Swanquarter,Forest,4,2,overstory,PITA,10,
81,12,Swanquarter,Forest,4,2,understory,BAHA,5,
81,12,Swanquarter,Forest,4,2,understory,MYCE,30,
81,12,Swanquarter,Forest,4,2,understory,PITA,40,
81,12,Swanquarter,Forest,4,2,understory,ROPA,5,
81,12,Swanquarter,Forest,4,3,overstory,PITA,70,
81,12,Swanquarter,Forest,4,3,understory,BAHA,10,
81,12,Swanquarter,Forest,4,3,understory,PITA,50,
81,12,Swanquarter,Forest,4,4,overstory,PITA,50,
81,12,Swanquarter,Forest,4,4,understory,MYCE,5,
81,12,Swanquarter,Forest,4,4,understory,PEPA,5,
81,12,Swanquarter,Forest,4,4,understory,PITA,30,
81,12,Swanquarter,Forest,4,4,understory,SPPA,40,
81,12,Swanquarter,Forest,4,5,overstory,PITA,35,
81,12,Swanquarter,Forest,4,5,understory,BAHA,10,
81,12,Swanquarter,Forest,4,5,understory,PITA,15,
81,12,Swanquarter,Forest,4,5,understory,SPPA,50,
82,12,Swanquarter,Forest,5,1,understory,BAHA,5,
82,12,Swanquarter,Forest,5,1,understory,CLJA,80,
82,12,Swanquarter,Forest,5,1,understory,MYCE,10,
82,12,Swanquarter,Forest,5,2,overstory,PISE,5,
82,12,Swanquarter,Forest,5,2,overstory,PITA,15,
82,12,Swanquarter,Forest,5,2,understory,JURO,60,
82,12,Swanquarter,Forest,5,2,understory,MYCE,15,
82,12,Swanquarter,Forest,5,2,understory,SEGE,5,
82,12,Swanquarter,Forest,5,2,understory,SPPA,40,
82,12,Swanquarter,Forest,5,3,overstory,PITA,5,
82,12,Swanquarter,Forest,5,3,understory,BAHA,15,
82,12,Swanquarter,Forest,5,3,understory,JURO,30,
82,12,Swanquarter,Forest,5,3,understory,MYCE,10,
82,12,Swanquarter,Forest,5,3,understory,SEGE,10,
82,12,Swanquarter,Forest,5,3,understory,SPPA,50,
82,12,Swanquarter,Forest,5,4,understory,BAHA,10,
82,12,Swanquarter,Forest,5,4,understory,CLJA,10,
82,12,Swanquarter,Forest,5,4,understory,JURO,30,
82,12,Swanquarter,Forest,5,4,understory,SEGE,10,
82,12,Swanquarter,Forest,5,4,understory,SPPA,30,
82,12,Swanquarter,Forest,5,5,understory,BAHA,10,
82,12,Swanquarter,Forest,5,5,understory,CLJA,80,
82,12,Swanquarter,Forest,5,5,understory,SEGE,5,
83,12,Swanquarter,Forest,6,1,overstory,PISE,15,
83,12,Swanquarter,Forest,6,1,understory,BAHA,20,
83,12,Swanquarter,Forest,6,1,understory,citoniz,5,
83,12,Swanquarter,Forest,6,1,understory,PITA,50,
83,12,Swanquarter,Forest,6,2,understory,BAHA,10,
83,12,Swanquarter,Forest,6,2,understory,DWD,40,
83,12,Swanquarter,Forest,6,2,understory,SPPA,20,
83,12,Swanquarter,Forest,6,3,understory,BAHA,40,
83,12,Swanquarter,Forest,6,3,understory,CLJA,20,
83,12,Swanquarter,Forest,6,3,understory,SPPA,20,
83,12,Swanquarter,Forest,6,4,overstory,PITA,40,
83,12,Swanquarter,Forest,6,4,understory,BAHA,10,
83,12,Swanquarter,Forest,6,4,understory,MYCE,40,
83,12,Swanquarter,Forest,6,4,understory,PITA,15,
83,12,Swanquarter,Forest,6,4,understory,ROPA,15,
83,12,Swanquarter,Forest,6,5,understory,BAHA,10,
83,12,Swanquarter,Forest,6,5,understory,MYCE,10,
83,12,Swanquarter,Forest,6,5,understory,PITA,20,
83,12,Swanquarter,Forest,6,5,understory,SPPA,20,
84,12,Swanquarter,Forest,7,1,understory,CLJA,30,
84,12,Swanquarter,Forest,7,1,understory,SPPA,70,
84,12,Swanquarter,Forest,7,1,understory,UNK1,1,
84,12,Swanquarter,Forest,7,2,overstory,BAHA,20,
84,12,Swanquarter,Forest,7,2,overstory,MYCE,15,
84,12,Swanquarter,Forest,7,2,understory,BAHA,20,
84,12,Swanquarter,Forest,7,2,understory,SPPA,60,
84,12,Swanquarter,Forest,7,3,overstory,MYCE,10,
84,12,Swanquarter,Forest,7,3,understory,BAHA,10,
84,12,Swanquarter,Forest,7,3,understory,MYCE,20,
84,12,Swanquarter,Forest,7,3,understory,PITA,5,
84,12,Swanquarter,Forest,7,3,understory,SPPA,30,
84,12,Swanquarter,Forest,7,4,overstory,PITA,15,
84,12,Swanquarter,Forest,7,4,understory,MYCE,10,
84,12,Swanquarter,Forest,7,4,understory,SPPA,30,
84,12,Swanquarter,Forest,7,4,understory,wrack,80,
84,12,Swanquarter,Forest,7,5,overstory,MYCE,20,
84,12,Swanquarter,Forest,7,5,understory,MYCE,30,
84,12,Swanquarter,Forest,7,5,understory,PITA,10,
84,12,Swanquarter,Forest,7,5,understory,SPPA,60,
85,13,Swanquarter,Marsh,1,1,understory,CLJA,90,
85,13,Swanquarter,Marsh,1,1,understory,water,5,
85,13,Swanquarter,Marsh,1,2,understory,CLJA,90,
85,13,Swanquarter,Marsh,1,2,understory,KOVI,1,
85,13,Swanquarter,Marsh,1,2,understory,MYCE,5,
85,13,Swanquarter,Marsh,1,3,understory,CLJA,90,
85,13,Swanquarter,Marsh,1,3,understory,KOVI,5,
85,13,Swanquarter,Marsh,1,3,understory,ROPA,5,
85,13,Swanquarter,Marsh,1,3,understory,JURO,1,
85,13,Swanquarter,Marsh,1,4,understory,CLJA,100,
85,13,Swanquarter,Marsh,1,5,understory,CLJA,100,
86,13,Swanquarter,Marsh,2,1,understory,JURO,97,
86,13,Swanquarter,Marsh,2,1,understory,UNKSCIRP,3,
86,13,Swanquarter,Marsh,2,2,understory,JURO,100,
86,13,Swanquarter,Marsh,2,3,understory,CLJA,5,
86,13,Swanquarter,Marsh,2,3,understory,JURO,97,
86,13,Swanquarter,Marsh,2,3,understory,KOVI,3,
86,13,Swanquarter,Marsh,2,3,understory,UNKSCIRP,2,
86,13,Swanquarter,Marsh,2,4,understory,JURO,100,
86,13,Swanquarter,Marsh,2,5,understory,JURO,97,
86,13,Swanquarter,Marsh,2,5,understory,UNKSCIRP,3,
87,13,Swanquarter,Marsh,3,1,understory,JURO,95,
87,13,Swanquarter,Marsh,3,1,understory,UNKSCIRP,5,
87,13,Swanquarter,Marsh,3,2,understory,JURO,95,
87,13,Swanquarter,Marsh,3,2,understory,UNKSCIRP,5,
87,13,Swanquarter,Marsh,3,3,understory,JURO,97,
87,13,Swanquarter,Marsh,3,3,understory,UNKSCIRP,3,
87,13,Swanquarter,Marsh,3,4,understory,JURO,97,
87,13,Swanquarter,Marsh,3,4,understory,UNKSCIRP,3,
87,13,Swanquarter,Marsh,3,5,understory,JURO,99,
87,13,Swanquarter,Marsh,3,5,understory,UNKSCIRP,1,
88,13,Swanquarter,Marsh,4,1,understory,CLJA,70,
88,13,Swanquarter,Marsh,4,1,understory,HYUM,10,
88,13,Swanquarter,Marsh,4,1,understory,water,20,
88,13,Swanquarter,Marsh,4,2,understory,BAHA,5,
88,13,Swanquarter,Marsh,4,2,understory,CLJA,90,
88,13,Swanquarter,Marsh,4,2,understory,HIMI,5,
88,13,Swanquarter,Marsh,4,3,understory,CLJA,90,
88,13,Swanquarter,Marsh,4,3,understory,HIMI,5,
88,13,Swanquarter,Marsh,4,3,understory,water,5,
88,13,Swanquarter,Marsh,4,4,understory,CLJA,100,
88,13,Swanquarter,Marsh,4,5,understory,CLJA,60,
88,13,Swanquarter,Marsh,4,5,understory,water,40,
89,13,Swanquarter,Marsh,5,1,understory,CLJA,60,
89,13,Swanquarter,Marsh,5,1,understory,water,40,
89,13,Swanquarter,Marsh,5,2,understory,CLJA,60,
89,13,Swanquarter,Marsh,5,2,understory,water,40,
89,13,Swanquarter,Marsh,5,3,understory,CLJA,60,
89,13,Swanquarter,Marsh,5,3,understory,TYLA,40,
89,13,Swanquarter,Marsh,5,4,understory,CLJA,30,
89,13,Swanquarter,Marsh,5,4,understory,DISP,30,
89,13,Swanquarter,Marsh,5,4,understory,water,30,
89,13,Swanquarter,Marsh,5,5,understory,water,100,
90,13,Swanquarter,Marsh,6,1,understory,CLJA,80,
90,13,Swanquarter,Marsh,6,1,understory,water,10,
90,13,Swanquarter,Marsh,6,2,understory,CLJA,90,
90,13,Swanquarter,Marsh,6,3,understory,CLJA,70,
90,13,Swanquarter,Marsh,6,3,understory,MYCE,30,
90,13,Swanquarter,Marsh,6,4,understory,CLJA,70,
90,13,Swanquarter,Marsh,6,4,understory,water,30,
90,13,Swanquarter,Marsh,6,5,understory,CLJA,50,
90,13,Swanquarter,Marsh,6,5,understory,water,50,
91,13,Swanquarter,Marsh,7,1,understory,CLJA,95,
91,13,Swanquarter,Marsh,7,2,understory,CLJA,40,
91,13,Swanquarter,Marsh,7,2,understory,DISP,40,
91,13,Swanquarter,Marsh,7,2,understory,water,20,
91,13,Swanquarter,Marsh,7,3,understory,CLJA,60,
91,13,Swanquarter,Marsh,7,3,understory,DISP,20,
91,13,Swanquarter,Marsh,7,3,understory,water,20,
91,13,Swanquarter,Marsh,7,4,understory,CLJA,60,
91,13,Swanquarter,Marsh,7,4,understory,DISP,20,
91,13,Swanquarter,Marsh,7,4,understory,MYCE,10,
91,13,Swanquarter,Marsh,7,4,understory,water,20,
91,13,Swanquarter,Marsh,7,5,understory,DISP,100,
92,14,Swanquarter,Transition,1,1,understory,CLJA,80,
92,14,Swanquarter,Transition,1,1,understory,DWD,10,
92,14,Swanquarter,Transition,1,1,understory,water,10,
92,14,Swanquarter,Transition,1,2,understory,DWD,10,
92,14,Swanquarter,Transition,1,2,understory,wrack,80,
92,14,Swanquarter,Transition,1,3,understory,DISP,10,
92,14,Swanquarter,Transition,1,3,understory,DWD,20,
92,14,Swanquarter,Transition,1,3,understory,HYUM,5,
92,14,Swanquarter,Transition,1,3,understory,JURO,10,
92,14,Swanquarter,Transition,1,4,understory,wrack,100,
92,14,Swanquarter,Transition,1,5,understory,CLJA,100,
93,14,Swanquarter,Transition,2,1,understory,CLJA,90,
93,14,Swanquarter,Transition,2,1,understory,MYCE,10,
93,14,Swanquarter,Transition,2,2,understory,CLJA,90,
93,14,Swanquarter,Transition,2,3,understory,CLJA,70,
93,14,Swanquarter,Transition,2,3,understory,DWD,10,
93,14,Swanquarter,Transition,2,3,understory,HIMI,10,
93,14,Swanquarter,Transition,2,4,understory,CLJA,80,
93,14,Swanquarter,Transition,2,4,understory,DWD,10,
93,14,Swanquarter,Transition,2,5,understory,CLJA,90,
94,14,Swanquarter,Transition,3,1,overstory,BAHA,20,
94,14,Swanquarter,Transition,3,1,understory,BAHA,30,
94,14,Swanquarter,Transition,3,1,understory,CLJA,60,
94,14,Swanquarter,Transition,3,1,understory,SMRO,10,
94,14,Swanquarter,Transition,3,2,overstory,MYCE,20,
94,14,Swanquarter,Transition,3,2,overstory,SMRO,20,
94,14,Swanquarter,Transition,3,2,understory,CLJA,10,
94,14,Swanquarter,Transition,3,2,understory,PEPA,20,
94,14,Swanquarter,Transition,3,2,understory,ROPA,5,
94,14,Swanquarter,Transition,3,2,understory,SMRO,50,
94,14,Swanquarter,Transition,3,3,understory,CLJA,10,
94,14,Swanquarter,Transition,3,3,understory,TYLA,30,
94,14,Swanquarter,Transition,3,3,understory,UNKSCIRP,40,
94,14,Swanquarter,Transition,3,4,understory,BAHA,10,
94,14,Swanquarter,Transition,3,4,understory,CLJA,80,
94,14,Swanquarter,Transition,3,4,understory,SMRO,5,
94,14,Swanquarter,Transition,3,5,understory,BAHA,5,
94,14,Swanquarter,Transition,3,5,understory,CLJA,70,
94,14,Swanquarter,Transition,3,5,understory,PITA,5,
95,14,Swanquarter,Transition,4,1,understory,DWD,20,
95,14,Swanquarter,Transition,4,1,understory,TYLA,50,
95,14,Swanquarter,Transition,4,2,understory,CLJA,15,
95,14,Swanquarter,Transition,4,2,understory,DISP,15,
95,14,Swanquarter,Transition,4,2,understory,DWD,20,
95,14,Swanquarter,Transition,4,2,understory,HYUM,5,
95,14,Swanquarter,Transition,4,3,understory,DISP,60,
95,14,Swanquarter,Transition,4,3,understory,JURO,20,
95,14,Swanquarter,Transition,4,4,understory,PEPA,15,
95,14,Swanquarter,Transition,4,4,understory,FISP,20,
95,14,Swanquarter,Transition,4,5,understory,CLJA,30,
95,14,Swanquarter,Transition,4,5,understory,DWD,40,
95,14,Swanquarter,Transition,4,5,understory,HYUM,1,
95,14,Swanquarter,Transition,4,5,understory,MYCE,10,
96,14,Swanquarter,Transition,5,1,understory,CLJA,80,
96,14,Swanquarter,Transition,5,2,understory,BAHA,5,
96,14,Swanquarter,Transition,5,2,understory,CLJA,80,
96,14,Swanquarter,Transition,5,2,understory,MYCE,10,
96,14,Swanquarter,Transition,5,3,understory,CLJA,10,
96,14,Swanquarter,Transition,5,3,understory,water,60,
96,14,Swanquarter,Transition,5,4,understory,BAHA,5,
96,14,Swanquarter,Transition,5,4,understory,CLJA,90,
96,14,Swanquarter,Transition,5,5,understory,BAHA,5,
96,14,Swanquarter,Transition,5,5,understory,CLJA,70,
97,14,Swanquarter,Transition,6,1,understory,CLJA,50,
97,14,Swanquarter,Transition,6,1,understory,MYCE,30,
97,14,Swanquarter,Transition,6,1,understory,PEPA,1,
97,14,Swanquarter,Transition,6,2,understory,BAHA,10,
97,14,Swanquarter,Transition,6,2,understory,CLJA,80,
97,14,Swanquarter,Transition,6,2,understory,MYCE,10,
97,14,Swanquarter,Transition,6,3,understory,CLJA,60,
97,14,Swanquarter,Transition,6,3,understory,DWD,30,
97,14,Swanquarter,Transition,6,3,understory,HYUM,1,
97,14,Swanquarter,Transition,6,4,understory,CLJA,30,
97,14,Swanquarter,Transition,6,4,understory,water,70,
97,14,Swanquarter,Transition,6,5,understory,CLJA,50,
97,14,Swanquarter,Transition,6,5,understory,MYCE,50,
97,14,Swanquarter,Transition,6,5,understory,PEPA,5,
98,14,Swanquarter,Transition,7,1,understory,CLJA,80,
98,14,Swanquarter,Transition,7,2,understory,CLJA,100,
98,14,Swanquarter,Transition,7,3,understory,CLJA,70,
98,14,Swanquarter,Transition,7,3,understory,DWD,10,
98,14,Swanquarter,Transition,7,3,understory,MYCE,20,
98,14,Swanquarter,Transition,7,3,understory,JURO,5,
98,14,Swanquarter,Transition,7,4,understory,BAHA,5,
98,14,Swanquarter,Transition,7,4,understory,CLJA,60,
98,14,Swanquarter,Transition,7,4,understory,KOVI,5,
98,14,Swanquarter,Transition,7,4,understory,MYCE,5,
98,14,Swanquarter,Transition,7,4,understory,JURO,5,
98,14,Swanquarter,Transition,7,5,understory,CLJA,70,
98,14,Swanquarter,Transition,7,5,understory,KOVI,10,
98,14,Swanquarter,Transition,7,5,understory,water,5,
